[Licensing::Module] Trying to connect to existing licensing client channel...
Built from '6000.3/staging' branch; Version is '6000.3.10f1 (e35f0c77bd8e) revision 14901004'; Using compiler version '194234433'; Build Type 'Release'
OS: 'Windows 11  (10.0.26200) CoreSingleLanguage' Language: 'en' Physical Memory: 22465 MB
BatchMode: 1, IsHumanControllingUs: 0, StartBugReporterOnCrash: 0, Is64bit: 1
System  architecture: x64
Process architecture: x64
Date: 2026-04-30T16:15:34Z
[Licensing::IpcConnector] Successfully connected to: "LicenseClient-Sense" at "2026-04-30T16:15:34.4989511Z"

COMMAND LINE ARGUMENTS:
C:\Program Files\Unity\Hub\Editor\6000.3.10f1\Editor\Unity.exe
-adb2
-batchMode
-noUpm
-name
AssetImportWorker1
-projectPath
C:/Proj/BallandOFBall/BallandOfBall
-logFile
Logs/AssetImportWorker1.log
-srvPort
61314
-licensingIpc
LicenseClient-Sense
-job-worker-count
3
-background-job-worker-count
8
-gc-helper-count
1
-name
AssetImport
Successfully changed project path to: C:/Proj/BallandOFBall/BallandOfBall
C:/Proj/BallandOFBall/BallandOfBall
[UnityMemory] Configuration Parameters - Can be set up in boot.config
    "memorysetup-temp-allocator-size-nav-mesh-worker=65536"
    "memorysetup-temp-allocator-size-audio-worker=65536"
    "memorysetup-temp-allocator-size-gfx=262144"
    "memorysetup-allocator-temp-initial-block-size-main=262144"
    "memorysetup-allocator-temp-initial-block-size-worker=262144"
    "memorysetup-temp-allocator-size-background-worker=32768"
    "memorysetup-temp-allocator-size-job-worker=262144"
    "memorysetup-temp-allocator-size-preload-manager=33554432"
    "memorysetup-temp-allocator-size-gi-baking-worker=262144"
    "memorysetup-temp-allocator-size-gi-baking-worker=262144"
    "memorysetup-temp-allocator-size-gi-baking-worker=262144"
    "memorysetup-temp-allocator-size-gi-baking-worker=262144"
    "memorysetup-temp-allocator-size-gi-baking-worker=262144"
    "memorysetup-bucket-allocator-granularity=16"
    "memorysetup-bucket-allocator-bucket-count=8"
    "memorysetup-bucket-allocator-block-size=33554432"
    "memorysetup-bucket-allocator-block-count=8"
    "memorysetup-main-allocator-block-size=16777216"
    "memorysetup-thread-allocator-block-size=16777216"
    "memorysetup-gfx-main-allocator-block-size=16777216"
    "memorysetup-gfx-thread-allocator-block-size=16777216"
    "memorysetup-cache-allocator-block-size=4194304"
    "memorysetup-typetree-allocator-block-size=2097152"
    "memorysetup-profiler-bucket-allocator-granularity=16"
    "memorysetup-profiler-bucket-allocator-bucket-count=8"
    "memorysetup-profiler-bucket-allocator-block-size=33554432"
    "memorysetup-profiler-bucket-allocator-block-count=8"
    "memorysetup-profiler-allocator-block-size=16777216"
    "memorysetup-profiler-editor-allocator-block-size=1048576"
    "memorysetup-temp-allocator-size-main=16777216"
    "memorysetup-job-temp-allocator-block-size=2097152"
    "memorysetup-job-temp-allocator-block-size-background=1048576"
    "memorysetup-job-temp-allocator-reduction-small-platforms=262144"
    "memorysetup-temp-allocator-size-cloud-worker=32768"
Player connection [51388]  Target information:

Player connection [51388]  * "[IP] 192.168.1.43 [Port] 0 [Flags] 2 [Guid] 1264838254 [EditorId] 1264838254 [Version] 1048832 [Id] WindowsEditor(7,Muninn) [Debug] 1 [PackageName] WindowsEditor [ProjectName] Editor" 

Player connection [51388] Host joined multi-casting on [225.0.0.222:54997]...
Player connection [51388] Host joined alternative multi-casting on [225.0.0.222:34997]...
JobSystem: Creating JobQueue using job-worker-count value 3
Input System module state changed to: Initialized.
[Physics::Module] Initialized fallback backend.
[Physics::Module] Id: 0xdecafbad
Library Redirect Path: Library/
[Physics::Module] Selected backend.
[Physics::Module] Name: PhysX
[Physics::Module] Id: 0xf2b8ea05
[Physics::Module] SDK Version: 4.1.2
[Physics::Module] Integration Version: 1.0.0
[Physics::Module] Threading Mode: Multi-Threaded
Refreshing native plugins compatible for Editor in 26.87 ms, found 4 plugins.
Preloading 0 native plugins for Editor in 0.00 ms.
Initialize engine version: 6000.3.10f1 (e35f0c77bd8e)
[Subsystems] Discovering subsystems at path C:/Program Files/Unity/Hub/Editor/6000.3.10f1/Editor/Data/Resources/UnitySubsystems
[Subsystems] Discovering subsystems at path C:/Proj/BallandOFBall/BallandOfBall/Assets
GfxDevice: creating device client; kGfxThreadingModeNonThreaded
Direct3D:
    Version:  Direct3D 11.0 [level 11.1]
    Renderer: NVIDIA GeForce GTX 1650 (ID=0x1f91)
    Vendor:   NVIDIA
    VRAM:     3935 MB
    Driver:   32.0.15.8180
Initialize mono
Mono path[0] = 'C:/Program Files/Unity/Hub/Editor/6000.3.10f1/Editor/Data/Managed'
Mono path[1] = 'C:/Program Files/Unity/Hub/Editor/6000.3.10f1/Editor/Data/MonoBleedingEdge/lib/mono/unityjit-win32'
Mono config path = 'C:/Program Files/Unity/Hub/Editor/6000.3.10f1/Editor/Data/MonoBleedingEdge/etc'
Using monoOptions --debugger-agent=transport=dt_socket,embedding=1,server=y,suspend=n,address=127.0.0.1:56004
Begin MonoManager ReloadAssembly
Registering precompiled unity dll's ...
Register platform support module: C:/Program Files/Unity/Hub/Editor/6000.3.10f1/Editor/Data/PlaybackEngines/WebGLSupport/UnityEditor.WebGL.Extensions.dll
Register platform support module: C:/Program Files/Unity/Hub/Editor/6000.3.10f1/Editor/Data/PlaybackEngines/WindowsStandaloneSupport/UnityEditor.WindowsStandalone.Extensions.dll
Registered in 0.015079 seconds.
- Loaded All Assemblies, in  2.120 seconds
[Licensing::Client] Handshaking with LicensingClient:
  Version:                 1.17.4+4293ba1
  Session Id:              c628b1e2677e4015af701845153b7819
  Correlation Id:          931ba12cd363742649777000869cb40b
  External correlation Id: 8830742146799279589
  Machine Id:              Wy0grW6ZfUBiJKODp9FvSHRxuss=
[Licensing::Module] Successfully connected to LicensingClient on channel: "LicenseClient-Sense" (connect: 0.00s, validation: 0.00s, handshake: 16.78s)
[Licensing::IpcConnector] Successfully connected to: "LicenseClient-Sense-notifications" at "2026-04-30T16:15:51.2878569Z"
[Licensing::Module] Licensing Background thread has ended after 16.82s
Native extension for WindowsStandalone target not found
Native extension for WebGL target not found
ScheduleIndexationOnStartup MainProcess:False IndexOnStartup:True
Mono: successfully reloaded assembly
- Finished resetting the current domain, in  1.222 seconds
Domain Reload Profiling: 3332ms
	BeginReloadAssembly (910ms)
		ExecutionOrderSort (0ms)
		DisableScriptedObjects (0ms)
		BackupInstance (0ms)
		ReleaseScriptingObjects (0ms)
		CreateAndSetChildDomain (2ms)
	RebuildCommonClasses (156ms)
	RebuildNativeTypeToScriptingClass (44ms)
	initialDomainReloadingComplete (253ms)
	LoadAllAssembliesAndSetupDomain (746ms)
		LoadAssemblies (899ms)
		RebuildTransferFunctionScriptingTraits (0ms)
		AnalyzeDomain (731ms)
			TypeCache.Refresh (728ms)
				TypeCache.ScanAssembly (694ms)
			BuildScriptInfoCaches (0ms)
			ResolveRequiredComponents (1ms)
	FinalizeReload (1223ms)
		ReleaseScriptCaches (0ms)
		RebuildScriptCaches (0ms)
		SetupLoadedEditorAssemblies (1086ms)
			LogAssemblyErrors (0ms)
			InitializePlatformSupportModulesInManaged (171ms)
			SetLoadedEditorAssemblies (10ms)
			BeforeProcessingInitializeOnLoad (293ms)
			ProcessInitializeOnLoadAttributes (417ms)
			ProcessInitializeOnLoadMethodAttributes (195ms)
			AfterProcessingInitializeOnLoad (0ms)
			EditorAssembliesLoaded (0ms)
		ExecutionOrderSort2 (0ms)
		AwakeInstancesAfterBackupRestoration (0ms)
========================================================================
Worker process is ready to serve import requests
Import Worker Mode flag is 0x00
Begin MonoManager ReloadAssembly
[Licensing::Client] Successfully resolved entitlement details
[Licensing::Module] License group:
  Id: 18968366033350-UnityPersXXXX
  Product: Unity Personal
  Type: Assigned
  Expiration: Unlimited
- Loaded All Assemblies, in 11.319 seconds
Refreshing native plugins compatible for Editor in 6.75 ms, found 4 plugins.
Native extension for WindowsStandalone target not found
Native extension for WebGL target not found
Package Manager log level set to [2]
[Package Manager] Failed to launch server process. Reason: Unity was launched with the -noUpm command-line argument
[Package Manager] Unable to send message (not connected to server process).
[Package Manager] Cannot connect to Unity Package Manager local server
ScheduleIndexationOnStartup MainProcess:False IndexOnStartup:True
Mono: successfully reloaded assembly
- Finished resetting the current domain, in  6.740 seconds
Domain Reload Profiling: 18017ms
	BeginReloadAssembly (1538ms)
		ExecutionOrderSort (0ms)
		DisableScriptedObjects (523ms)
		BackupInstance (0ms)
		ReleaseScriptingObjects (0ms)
		CreateAndSetChildDomain (120ms)
	RebuildCommonClasses (151ms)
	RebuildNativeTypeToScriptingClass (53ms)
	initialDomainReloadingComplete (4301ms)
	LoadAllAssembliesAndSetupDomain (5232ms)
		LoadAssemblies (4034ms)
		RebuildTransferFunctionScriptingTraits (0ms)
		AnalyzeDomain (1762ms)
			TypeCache.Refresh (1084ms)
				TypeCache.ScanAssembly (1043ms)
			BuildScriptInfoCaches (582ms)
			ResolveRequiredComponents (85ms)
	FinalizeReload (6742ms)
		ReleaseScriptCaches (0ms)
		RebuildScriptCaches (0ms)
		SetupLoadedEditorAssemblies (5369ms)
			LogAssemblyErrors (0ms)
			InitializePlatformSupportModulesInManaged (8ms)
			SetLoadedEditorAssemblies (55ms)
			BeforeProcessingInitializeOnLoad (2283ms)
			ProcessInitializeOnLoadAttributes (2284ms)
			ProcessInitializeOnLoadMethodAttributes (713ms)
			AfterProcessingInitializeOnLoad (26ms)
			EditorAssembliesLoaded (1ms)
		ExecutionOrderSort2 (0ms)
		AwakeInstancesAfterBackupRestoration (28ms)
Launched and connected shader compiler UnityShaderCompiler.exe after 0.03 seconds
Refreshing native plugins compatible for Editor in 4.39 ms, found 4 plugins.
Preloading 0 native plugins for Editor in 0.00 ms.
Unloading 16 Unused Serialized files (Serialized files now loaded: 0)
Unloading 6914 unused Assets / (7.1 MB). Loaded Objects now: 7732.
Memory consumption went from 150.3 MB to 143.2 MB.
Total: 35.263000 ms (FindLiveObjects: 1.149100 ms CreateObjectMapping: 1.888100 ms MarkObjects: 19.870100 ms  DeleteObjects: 12.353600 ms)

========================================================================
Received Prepare
Begin MonoManager ReloadAssembly
- Loaded All Assemblies, in  2.986 seconds
Refreshing native plugins compatible for Editor in 5.54 ms, found 4 plugins.
Native extension for WindowsStandalone target not found
Native extension for WebGL target not found
[Package Manager] Failed to launch server process. Reason: Unity was launched with the -noUpm command-line argument
[Package Manager] Unable to send message (not connected to server process).
[Package Manager] Cannot connect to Unity Package Manager local server
ScheduleIndexationOnStartup MainProcess:False IndexOnStartup:True
Mono: successfully reloaded assembly
- Finished resetting the current domain, in  1.992 seconds
Domain Reload Profiling: 4965ms
	BeginReloadAssembly (1237ms)
		ExecutionOrderSort (0ms)
		DisableScriptedObjects (34ms)
		BackupInstance (0ms)
		ReleaseScriptingObjects (0ms)
		CreateAndSetChildDomain (203ms)
	RebuildCommonClasses (109ms)
	RebuildNativeTypeToScriptingClass (45ms)
	initialDomainReloadingComplete (96ms)
	LoadAllAssembliesAndSetupDomain (1485ms)
		LoadAssemblies (1520ms)
		RebuildTransferFunctionScriptingTraits (0ms)
		AnalyzeDomain (724ms)
			TypeCache.Refresh (371ms)
				TypeCache.ScanAssembly (344ms)
			BuildScriptInfoCaches (316ms)
			ResolveRequiredComponents (27ms)
	FinalizeReload (1993ms)
		ReleaseScriptCaches (0ms)
		RebuildScriptCaches (0ms)
		SetupLoadedEditorAssemblies (1489ms)
			LogAssemblyErrors (0ms)
			InitializePlatformSupportModulesInManaged (9ms)
			SetLoadedEditorAssemblies (16ms)
			BeforeProcessingInitializeOnLoad (481ms)
			ProcessInitializeOnLoadAttributes (809ms)
			ProcessInitializeOnLoadMethodAttributes (159ms)
			AfterProcessingInitializeOnLoad (15ms)
			EditorAssembliesLoaded (0ms)
		ExecutionOrderSort2 (0ms)
		AwakeInstancesAfterBackupRestoration (22ms)
Refreshing native plugins compatible for Editor in 3.82 ms, found 4 plugins.
Preloading 0 native plugins for Editor in 0.00 ms.
Unloading 16 Unused Serialized files (Serialized files now loaded: 0)
Unloading 6912 unused Assets / (4.1 MB). Loaded Objects now: 7736.
Memory consumption went from 151.2 MB to 147.1 MB.
Total: 20.469800 ms (FindLiveObjects: 1.270400 ms CreateObjectMapping: 2.016300 ms MarkObjects: 12.472900 ms  DeleteObjects: 4.708300 ms)

Prepare: number of updated asset objects reloaded= 0
========================================================================
Received Import Request.
  Time since last request: 63972.334555 seconds.
  path: Assets/Scenes/SampleScene.unity
  artifactKey: Guid(8c9cfa26abfee488c85f1582747f6a02) Importer(815301076,1909f56bfc062723c751e8b465ee728b)
Start importing Assets/Scenes/SampleScene.unity using Guid(8c9cfa26abfee488c85f1582747f6a02) Importer(815301076,1909f56bfc062723c751e8b465ee728b) (PreviewImporter) -> (artifact id: 'aa387efac156bd342d2b340b09c658e6') in 0.0244237 seconds
Number of updated asset objects reloaded before import = 0Number of asset objects unloaded after import = 0

========================================================================
Received Import Request.
  Time since last request: 59.949821 seconds.
  path: Assets/TextMesh Pro/Shaders/TMP_SDF-HDRP LIT.shadergraph
  artifactKey: Guid(ca2ed216f98028c4dae6c5224a952b3c) Importer(2089858483,b0f066a214c2f5e87bad3c948f4d605d)
Start importing Assets/TextMesh Pro/Shaders/TMP_SDF-HDRP LIT.shadergraph using Guid(ca2ed216f98028c4dae6c5224a952b3c) Importer(2089858483,b0f066a214c2f5e87bad3c948f4d605d) (ScriptedImporter) -> (artifact id: '3d81ef54f987d40754ff50351f888503') in 0.2699451 seconds
Number of updated asset objects reloaded before import = 0Number of asset objects unloaded after import = 3

========================================================================
Received Import Request.
  Time since last request: 0.000033 seconds.
  path: Assets/TextMesh Pro/Fonts/LiberationSans.ttf
  artifactKey: Guid(e3265ab4bf004d28a9537516768c1c75) Importer(2089858483,b0f066a214c2f5e87bad3c948f4d605d)
Start importing Assets/TextMesh Pro/Fonts/LiberationSans.ttf using Guid(e3265ab4bf004d28a9537516768c1c75) Importer(2089858483,b0f066a214c2f5e87bad3c948f4d605d) (ScriptedImporter) -> (artifact id: '78007f0dce4bab9c38df36b502b410ce') in 0.0882346 seconds
Number of updated asset objects reloaded before import = 0Number of asset objects unloaded after import = 3

========================================================================
Received Import Request.
  Time since last request: 0.000047 seconds.
  path: Assets/TextMesh Pro/Shaders/TMP_SDF-Surface.shader
  artifactKey: Guid(f7ada0af4f174f0694ca6a487b8f543d) Importer(2089858483,b0f066a214c2f5e87bad3c948f4d605d)
Start importing Assets/TextMesh Pro/Shaders/TMP_SDF-Surface.shader using Guid(f7ada0af4f174f0694ca6a487b8f543d) Importer(2089858483,b0f066a214c2f5e87bad3c948f4d605d) (ScriptedImporter) -> (artifact id: 'fb21e48de2eaab9068ee303f80fe112f') in 0.0266845 seconds
Number of updated asset objects reloaded before import = 0Number of asset objects unloaded after import = 1

========================================================================
Received Import Request.
  Time since last request: 0.000028 seconds.
  path: Assets/TextMesh Pro
  artifactKey: Guid(f54d1bd14bd3ca042bd867b519fee8cc) Importer(2089858483,b0f066a214c2f5e87bad3c948f4d605d)
Start importing Assets/TextMesh Pro using Guid(f54d1bd14bd3ca042bd867b519fee8cc) Importer(2089858483,b0f066a214c2f5e87bad3c948f4d605d) (ScriptedImporter) -> (artifact id: '65f13a94c73ab64051bf0d8bc4ef5fe8') in 0.0207013 seconds
Number of updated asset objects reloaded before import = 0Number of asset objects unloaded after import = 1

========================================================================
Received Import Request.
  Time since last request: 0.000037 seconds.
  path: Assets/TextMesh Pro/Resources/Fonts & Materials
  artifactKey: Guid(731f1baa9d144a9897cb1d341c2092b8) Importer(2089858483,b0f066a214c2f5e87bad3c948f4d605d)
Start importing Assets/TextMesh Pro/Resources/Fonts & Materials using Guid(731f1baa9d144a9897cb1d341c2092b8) Importer(2089858483,b0f066a214c2f5e87bad3c948f4d605d) (ScriptedImporter) -> (artifact id: 'b65abc97caea90877398d9888b7bc3d8') in 0.0179085 seconds
Number of updated asset objects reloaded before import = 0Number of asset objects unloaded after import = 1

========================================================================
Received Import Request.
  Time since last request: 0.000039 seconds.
  path: Assets/TextMesh Pro/Resources
  artifactKey: Guid(243e06394e614e5d99fab26083b707fa) Importer(2089858483,b0f066a214c2f5e87bad3c948f4d605d)
Start importing Assets/TextMesh Pro/Resources using Guid(243e06394e614e5d99fab26083b707fa) Importer(2089858483,b0f066a214c2f5e87bad3c948f4d605d) (ScriptedImporter) -> (artifact id: '200c86307fe16f60f078fa839a1dcc8e') in 0.0210842 seconds
Number of updated asset objects reloaded before import = 0Number of asset objects unloaded after import = 1

========================================================================
Received Import Request.
  Time since last request: 0.000042 seconds.
  path: Assets/TextMesh Pro/Shaders/TMP_SDF-HDRP UNLIT.shadergraph
  artifactKey: Guid(f63d574838ccfb44f84acc05fed0af48) Importer(2089858483,b0f066a214c2f5e87bad3c948f4d605d)
Start importing Assets/TextMesh Pro/Shaders/TMP_SDF-HDRP UNLIT.shadergraph using Guid(f63d574838ccfb44f84acc05fed0af48) Importer(2089858483,b0f066a214c2f5e87bad3c948f4d605d) (ScriptedImporter) -> (artifact id: 'dd3ab402491449dafd70635a761d95f7') in 0.0266568 seconds
Number of updated asset objects reloaded before import = 0Number of asset objects unloaded after import = 3

========================================================================
Received Import Request.
  Time since last request: 0.000027 seconds.
  path: Assets/TextMesh Pro/Sprites/EmojiOne Attribution.txt
  artifactKey: Guid(381dcb09d5029d14897e55f98031fca5) Importer(2089858483,b0f066a214c2f5e87bad3c948f4d605d)
Start importing Assets/TextMesh Pro/Sprites/EmojiOne Attribution.txt using Guid(381dcb09d5029d14897e55f98031fca5) Importer(2089858483,b0f066a214c2f5e87bad3c948f4d605d) (ScriptedImporter) -> (artifact id: '4519864a444013952b3733aa609eb180') in 0.0209202 seconds
Number of updated asset objects reloaded before import = 0Number of asset objects unloaded after import = 1

========================================================================
Received Import Request.
  Time since last request: 0.000063 seconds.
  path: Assets/TextMesh Pro/Shaders/TMP_SDF-Mobile SSD.shader
  artifactKey: Guid(c8d12adcee749c344b8117cf7c7eb912) Importer(2089858483,b0f066a214c2f5e87bad3c948f4d605d)
Start importing Assets/TextMesh Pro/Shaders/TMP_SDF-Mobile SSD.shader using Guid(c8d12adcee749c344b8117cf7c7eb912) Importer(2089858483,b0f066a214c2f5e87bad3c948f4d605d) (ScriptedImporter) -> (artifact id: 'cbf336aa5ef6aa379815346490e59f71') in 0.0263957 seconds
Number of updated asset objects reloaded before import = 0Number of asset objects unloaded after import = 1

========================================================================
Received Import Request.
  Time since last request: 0.000025 seconds.
  path: Assets/TextMesh Pro/Shaders/TMP_Sprite.shader
  artifactKey: Guid(cf81c85f95fe47e1a27f6ae460cf182c) Importer(2089858483,b0f066a214c2f5e87bad3c948f4d605d)
Start importing Assets/TextMesh Pro/Shaders/TMP_Sprite.shader using Guid(cf81c85f95fe47e1a27f6ae460cf182c) Importer(2089858483,b0f066a214c2f5e87bad3c948f4d605d) (ScriptedImporter) -> (artifact id: 'f84fa9be37da0a8ce5264eac2a7e02af') in 0.0226564 seconds
Number of updated asset objects reloaded before import = 0Number of asset objects unloaded after import = 1

========================================================================
Received Import Request.
  Time since last request: 0.000048 seconds.
  path: Assets/TextMesh Pro/Shaders/TMP_SDF-Mobile Overlay.shader
  artifactKey: Guid(a02a7d8c237544f1962732b55a9aebf1) Importer(2089858483,b0f066a214c2f5e87bad3c948f4d605d)
Start importing Assets/TextMesh Pro/Shaders/TMP_SDF-Mobile Overlay.shader using Guid(a02a7d8c237544f1962732b55a9aebf1) Importer(2089858483,b0f066a214c2f5e87bad3c948f4d605d) (ScriptedImporter) -> (artifact id: '8236f52700c6c334c046891cb4b556b7') in 0.0227191 seconds
Number of updated asset objects reloaded before import = 0Number of asset objects unloaded after import = 1

========================================================================
Received Import Request.
  Time since last request: 0.000060 seconds.
  path: Assets/TextMesh Pro/Shaders/TMP_Bitmap-Custom-Atlas.shader
  artifactKey: Guid(48bb5f55d8670e349b6e614913f9d910) Importer(2089858483,b0f066a214c2f5e87bad3c948f4d605d)
Start importing Assets/TextMesh Pro/Shaders/TMP_Bitmap-Custom-Atlas.shader using Guid(48bb5f55d8670e349b6e614913f9d910) Importer(2089858483,b0f066a214c2f5e87bad3c948f4d605d) (ScriptedImporter) -> (artifact id: 'a764347161644985a400802175886ca9') in 0.0223325 seconds
Number of updated asset objects reloaded before import = 0Number of asset objects unloaded after import = 1

========================================================================
Received Import Request.
  Time since last request: 0.000034 seconds.
  path: Assets/TextMesh Pro/Shaders/TMP_SDF SSD.shader
  artifactKey: Guid(14eb328de4b8eb245bb7cea29e4ac00b) Importer(2089858483,b0f066a214c2f5e87bad3c948f4d605d)
Start importing Assets/TextMesh Pro/Shaders/TMP_SDF SSD.shader using Guid(14eb328de4b8eb245bb7cea29e4ac00b) Importer(2089858483,b0f066a214c2f5e87bad3c948f4d605d) (ScriptedImporter)Shader 'TextMeshPro/Distance Field SSD': fallback shader 'TextMeshPro/Mobile/Distance Field' not found
 -> (artifact id: 'c0860cab2c59647e0fecc0111f3e8aee') in 0.0219009 seconds
Number of updated asset objects reloaded before import = 0Number of asset objects unloaded after import = 1

========================================================================
Received Import Request.
  Time since last request: 0.000034 seconds.
  path: Assets/TextMesh Pro/Resources/Style Sheets
  artifactKey: Guid(4aecb92fff08436c8303b10eab8da368) Importer(2089858483,b0f066a214c2f5e87bad3c948f4d605d)
Start importing Assets/TextMesh Pro/Resources/Style Sheets using Guid(4aecb92fff08436c8303b10eab8da368) Importer(2089858483,b0f066a214c2f5e87bad3c948f4d605d) (ScriptedImporter) -> (artifact id: '616cd297a21f462500bc3c50df4546e5') in 0.0194432 seconds
Number of updated asset objects reloaded before import = 0Number of asset objects unloaded after import = 1

========================================================================
Received Import Request.
  Time since last request: 0.000050 seconds.
  path: Assets/TextMesh Pro/Resources/LineBreaking Leading Characters.txt
  artifactKey: Guid(d82c1b31c7e74239bff1220585707d2b) Importer(2089858483,b0f066a214c2f5e87bad3c948f4d605d)
Start importing Assets/TextMesh Pro/Resources/LineBreaking Leading Characters.txt using Guid(d82c1b31c7e74239bff1220585707d2b) Importer(2089858483,b0f066a214c2f5e87bad3c948f4d605d) (ScriptedImporter) -> (artifact id: '770c229f295c752d0a81b29a081d38a8') in 0.0211021 seconds
Number of updated asset objects reloaded before import = 0Number of asset objects unloaded after import = 1

========================================================================
Received Import Request.
  Time since last request: 0.000026 seconds.
  path: Assets/TextMesh Pro/Resources/Sprite Assets
  artifactKey: Guid(512a49d95c0c4332bdd98131869c23c9) Importer(2089858483,b0f066a214c2f5e87bad3c948f4d605d)
Start importing Assets/TextMesh Pro/Resources/Sprite Assets using Guid(512a49d95c0c4332bdd98131869c23c9) Importer(2089858483,b0f066a214c2f5e87bad3c948f4d605d) (ScriptedImporter) -> (artifact id: 'e92990c6a38ad2b0254f0b521a2a5fe2') in 0.0176769 seconds
Number of updated asset objects reloaded before import = 0Number of asset objects unloaded after import = 1

========================================================================
Received Import Request.
  Time since last request: 0.000031 seconds.
  path: Assets/TextMesh Pro/Shaders/TMP_SDF-Mobile.shader
  artifactKey: Guid(fe393ace9b354375a9cb14cdbbc28be4) Importer(2089858483,b0f066a214c2f5e87bad3c948f4d605d)
Start importing Assets/TextMesh Pro/Shaders/TMP_SDF-Mobile.shader using Guid(fe393ace9b354375a9cb14cdbbc28be4) Importer(2089858483,b0f066a214c2f5e87bad3c948f4d605d) (ScriptedImporter) -> (artifact id: 'f56e0112785615625790120be4da95de') in 0.0206713 seconds
Number of updated asset objects reloaded before import = 0Number of asset objects unloaded after import = 1

========================================================================
Received Import Request.
  Time since last request: 0.000188 seconds.
  path: Assets/TextMesh Pro/Resources/TMP Settings.asset
  artifactKey: Guid(3f5b5dff67a942289a9defa416b206f3) Importer(2089858483,b0f066a214c2f5e87bad3c948f4d605d)
Start importing Assets/TextMesh Pro/Resources/TMP Settings.asset using Guid(3f5b5dff67a942289a9defa416b206f3) Importer(2089858483,b0f066a214c2f5e87bad3c948f4d605d) (ScriptedImporter) -> (artifact id: '47b62595553007e2f4c4539790c3659e') in 0.0817005 seconds
Number of updated asset objects reloaded before import = 0Number of asset objects unloaded after import = 17

========================================================================
Received Import Request.
  Time since last request: 0.000033 seconds.
  path: Assets/TextMesh Pro/Resources/LineBreaking Following Characters.txt
  artifactKey: Guid(fade42e8bc714b018fac513c043d323b) Importer(2089858483,b0f066a214c2f5e87bad3c948f4d605d)
Start importing Assets/TextMesh Pro/Resources/LineBreaking Following Characters.txt using Guid(fade42e8bc714b018fac513c043d323b) Importer(2089858483,b0f066a214c2f5e87bad3c948f4d605d) (ScriptedImporter) -> (artifact id: '46f79c211276e2ac4725ef6250e919ed') in 0.0250178 seconds
Number of updated asset objects reloaded before import = 0Number of asset objects unloaded after import = 1

========================================================================
Received Import Request.
  Time since last request: 0.000027 seconds.
  path: Assets/TextMesh Pro/Shaders
  artifactKey: Guid(e9f693669af91aa45ad615fc681ed29f) Importer(2089858483,b0f066a214c2f5e87bad3c948f4d605d)
Start importing Assets/TextMesh Pro/Shaders using Guid(e9f693669af91aa45ad615fc681ed29f) Importer(2089858483,b0f066a214c2f5e87bad3c948f4d605d) (ScriptedImporter) -> (artifact id: '8575385f94436b853e36c17ccb7395a0') in 0.0188487 seconds
Number of updated asset objects reloaded before import = 0Number of asset objects unloaded after import = 1

========================================================================
Received Import Request.
  Time since last request: 0.000037 seconds.
  path: Assets/TextMesh Pro/Sprites/EmojiOne.json
  artifactKey: Guid(8f05276190cf498a8153f6cbe761d4e6) Importer(2089858483,b0f066a214c2f5e87bad3c948f4d605d)
Start importing Assets/TextMesh Pro/Sprites/EmojiOne.json using Guid(8f05276190cf498a8153f6cbe761d4e6) Importer(2089858483,b0f066a214c2f5e87bad3c948f4d605d) (ScriptedImporter) -> (artifact id: 'd58da64338e30ba4c17d2a614ee7fbff') in 0.0200135 seconds
Number of updated asset objects reloaded before import = 0Number of asset objects unloaded after import = 1

========================================================================
Received Import Request.
  Time since last request: 0.000049 seconds.
  path: Assets/TextMesh Pro/Resources/Fonts & Materials/LiberationSans SDF - Fallback.asset
  artifactKey: Guid(2e498d1c8094910479dc3e1b768306a4) Importer(2089858483,b0f066a214c2f5e87bad3c948f4d605d)
Start importing Assets/TextMesh Pro/Resources/Fonts & Materials/LiberationSans SDF - Fallback.asset using Guid(2e498d1c8094910479dc3e1b768306a4) Importer(2089858483,b0f066a214c2f5e87bad3c948f4d605d) (ScriptedImporter) -> (artifact id: '0a6589214fe1735c0d16d77fa756b850') in 0.0398567 seconds
Number of updated asset objects reloaded before import = 0Number of asset objects unloaded after import = 6

========================================================================
Received Import Request.
  Time since last request: 0.000109 seconds.
  path: Assets/TextMesh Pro/Resources/Style Sheets/Default Style Sheet.asset
  artifactKey: Guid(f952c082cb03451daed3ee968ac6c63e) Importer(2089858483,b0f066a214c2f5e87bad3c948f4d605d)
Start importing Assets/TextMesh Pro/Resources/Style Sheets/Default Style Sheet.asset using Guid(f952c082cb03451daed3ee968ac6c63e) Importer(2089858483,b0f066a214c2f5e87bad3c948f4d605d) (ScriptedImporter) -> (artifact id: 'b45989911b0e7f5673363b0d67851934') in 0.0260795 seconds
Number of updated asset objects reloaded before import = 0Number of asset objects unloaded after import = 1

========================================================================
Received Prepare
Begin MonoManager ReloadAssembly
[Licensing::Client] Successfully resolved entitlement details
- Loaded All Assemblies, in  1.594 seconds
Refreshing native plugins compatible for Editor in 6.46 ms, found 4 plugins.
Native extension for WindowsStandalone target not found
Native extension for WebGL target not found
[Package Manager] Failed to launch server process. Reason: Unity was launched with the -noUpm command-line argument
[Package Manager] Unable to send message (not connected to server process).
[Package Manager] Cannot connect to Unity Package Manager local server
ScheduleIndexationOnStartup MainProcess:False IndexOnStartup:True
Mono: successfully reloaded assembly
- Finished resetting the current domain, in  1.993 seconds
Domain Reload Profiling: 3582ms
	BeginReloadAssembly (436ms)
		ExecutionOrderSort (0ms)
		DisableScriptedObjects (35ms)
		BackupInstance (0ms)
		ReleaseScriptingObjects (0ms)
		CreateAndSetChildDomain (87ms)
	RebuildCommonClasses (80ms)
	RebuildNativeTypeToScriptingClass (25ms)
	initialDomainReloadingComplete (57ms)
	LoadAllAssembliesAndSetupDomain (989ms)
		LoadAssemblies (741ms)
		RebuildTransferFunctionScriptingTraits (0ms)
		AnalyzeDomain (436ms)
			TypeCache.Refresh (14ms)
				TypeCache.ScanAssembly (0ms)
			BuildScriptInfoCaches (390ms)
			ResolveRequiredComponents (24ms)
	FinalizeReload (1995ms)
		ReleaseScriptCaches (0ms)
		RebuildScriptCaches (0ms)
		SetupLoadedEditorAssemblies (1628ms)
			LogAssemblyErrors (0ms)
			InitializePlatformSupportModulesInManaged (4ms)
			SetLoadedEditorAssemblies (8ms)
			BeforeProcessingInitializeOnLoad (400ms)
			ProcessInitializeOnLoadAttributes (984ms)
			ProcessInitializeOnLoadMethodAttributes (210ms)
			AfterProcessingInitializeOnLoad (21ms)
			EditorAssembliesLoaded (1ms)
		ExecutionOrderSort2 (0ms)
		AwakeInstancesAfterBackupRestoration (39ms)
Refreshing native plugins compatible for Editor in 5.80 ms, found 4 plugins.
Preloading 0 native plugins for Editor in 0.00 ms.
Unloading 30 Unused Serialized files (Serialized files now loaded: 0)
Unloading 6926 unused Assets / (5.6 MB). Loaded Objects now: 7742.
Memory consumption went from 156.5 MB to 150.9 MB.
Total: 21.983200 ms (FindLiveObjects: 1.286900 ms CreateObjectMapping: 2.520800 ms MarkObjects: 11.299000 ms  DeleteObjects: 6.873800 ms)

Prepare: number of updated asset objects reloaded= 0
========================================================================
Received Prepare
Begin MonoManager ReloadAssembly
- Loaded All Assemblies, in  1.600 seconds
Refreshing native plugins compatible for Editor in 5.81 ms, found 4 plugins.
Native extension for WindowsStandalone target not found
Native extension for WebGL target not found
[Package Manager] Failed to launch server process. Reason: Unity was launched with the -noUpm command-line argument
[Package Manager] Unable to send message (not connected to server process).
[Package Manager] Cannot connect to Unity Package Manager local server
ScheduleIndexationOnStartup MainProcess:False IndexOnStartup:True
Mono: successfully reloaded assembly
- Finished resetting the current domain, in  1.863 seconds
Domain Reload Profiling: 3459ms
	BeginReloadAssembly (403ms)
		ExecutionOrderSort (0ms)
		DisableScriptedObjects (26ms)
		BackupInstance (0ms)
		ReleaseScriptingObjects (0ms)
		CreateAndSetChildDomain (87ms)
	RebuildCommonClasses (73ms)
	RebuildNativeTypeToScriptingClass (35ms)
	initialDomainReloadingComplete (65ms)
	LoadAllAssembliesAndSetupDomain (1020ms)
		LoadAssemblies (745ms)
		RebuildTransferFunctionScriptingTraits (0ms)
		AnalyzeDomain (461ms)
			TypeCache.Refresh (11ms)
				TypeCache.ScanAssembly (0ms)
			BuildScriptInfoCaches (412ms)
			ResolveRequiredComponents (27ms)
	FinalizeReload (1863ms)
		ReleaseScriptCaches (0ms)
		RebuildScriptCaches (0ms)
		SetupLoadedEditorAssemblies (1542ms)
			LogAssemblyErrors (0ms)
			InitializePlatformSupportModulesInManaged (5ms)
			SetLoadedEditorAssemblies (11ms)
			BeforeProcessingInitializeOnLoad (402ms)
			ProcessInitializeOnLoadAttributes (903ms)
			ProcessInitializeOnLoadMethodAttributes (195ms)
			AfterProcessingInitializeOnLoad (24ms)
			EditorAssembliesLoaded (1ms)
		ExecutionOrderSort2 (0ms)
		AwakeInstancesAfterBackupRestoration (29ms)
Refreshing native plugins compatible for Editor in 3.84 ms, found 4 plugins.
Preloading 0 native plugins for Editor in 0.00 ms.
Unloading 30 Unused Serialized files (Serialized files now loaded: 0)
Unloading 6926 unused Assets / (6.0 MB). Loaded Objects now: 7745.
Memory consumption went from 156.5 MB to 150.6 MB.
Total: 21.412200 ms (FindLiveObjects: 1.412300 ms CreateObjectMapping: 1.923400 ms MarkObjects: 10.947900 ms  DeleteObjects: 7.126200 ms)

Prepare: number of updated asset objects reloaded= 0
========================================================================
Received Prepare
Begin MonoManager ReloadAssembly
[Licensing::Client] Successfully resolved entitlement details
- Loaded All Assemblies, in  1.976 seconds
Refreshing native plugins compatible for Editor in 6.60 ms, found 4 plugins.
Native extension for WindowsStandalone target not found
Native extension for WebGL target not found
[Package Manager] Failed to launch server process. Reason: Unity was launched with the -noUpm command-line argument
[Package Manager] Unable to send message (not connected to server process).
[Package Manager] Cannot connect to Unity Package Manager local server
ScheduleIndexationOnStartup MainProcess:False IndexOnStartup:True
Mono: successfully reloaded assembly
- Finished resetting the current domain, in  2.755 seconds
Domain Reload Profiling: 4718ms
	BeginReloadAssembly (679ms)
		ExecutionOrderSort (0ms)
		DisableScriptedObjects (57ms)
		BackupInstance (0ms)
		ReleaseScriptingObjects (0ms)
		CreateAndSetChildDomain (126ms)
	RebuildCommonClasses (100ms)
	RebuildNativeTypeToScriptingClass (38ms)
	initialDomainReloadingComplete (76ms)
	LoadAllAssembliesAndSetupDomain (1070ms)
		LoadAssemblies (972ms)
		RebuildTransferFunctionScriptingTraits (0ms)
		AnalyzeDomain (439ms)
			TypeCache.Refresh (14ms)
				TypeCache.ScanAssembly (0ms)
			BuildScriptInfoCaches (393ms)
			ResolveRequiredComponents (23ms)
	FinalizeReload (2756ms)
		ReleaseScriptCaches (0ms)
		RebuildScriptCaches (0ms)
		SetupLoadedEditorAssemblies (2233ms)
			LogAssemblyErrors (0ms)
			InitializePlatformSupportModulesInManaged (6ms)
			SetLoadedEditorAssemblies (13ms)
			BeforeProcessingInitializeOnLoad (643ms)
			ProcessInitializeOnLoadAttributes (1281ms)
			ProcessInitializeOnLoadMethodAttributes (253ms)
			AfterProcessingInitializeOnLoad (35ms)
			EditorAssembliesLoaded (1ms)
		ExecutionOrderSort2 (0ms)
		AwakeInstancesAfterBackupRestoration (56ms)
Refreshing native plugins compatible for Editor in 7.22 ms, found 4 plugins.
Preloading 0 native plugins for Editor in 0.00 ms.
Unloading 30 Unused Serialized files (Serialized files now loaded: 0)
Unloading 6926 unused Assets / (5.6 MB). Loaded Objects now: 7748.
Memory consumption went from 156.6 MB to 151.0 MB.
Total: 30.791200 ms (FindLiveObjects: 1.520600 ms CreateObjectMapping: 2.453200 ms MarkObjects: 16.479100 ms  DeleteObjects: 10.335800 ms)

Prepare: number of updated asset objects reloaded= 0
========================================================================
Received Prepare
Begin MonoManager ReloadAssembly
[Licensing::Client] Successfully resolved entitlement details
- Loaded All Assemblies, in  1.944 seconds
Refreshing native plugins compatible for Editor in 4.77 ms, found 4 plugins.
Native extension for WindowsStandalone target not found
Native extension for WebGL target not found
[Package Manager] Failed to launch server process. Reason: Unity was launched with the -noUpm command-line argument
[Package Manager] Unable to send message (not connected to server process).
[Package Manager] Cannot connect to Unity Package Manager local server
ScheduleIndexationOnStartup MainProcess:False IndexOnStartup:True
Mono: successfully reloaded assembly
- Finished resetting the current domain, in  2.038 seconds
Domain Reload Profiling: 3975ms
	BeginReloadAssembly (508ms)
		ExecutionOrderSort (0ms)
		DisableScriptedObjects (39ms)
		BackupInstance (0ms)
		ReleaseScriptingObjects (0ms)
		CreateAndSetChildDomain (98ms)
	RebuildCommonClasses (103ms)
	RebuildNativeTypeToScriptingClass (39ms)
	initialDomainReloadingComplete (83ms)
	LoadAllAssembliesAndSetupDomain (1202ms)
		LoadAssemblies (926ms)
		RebuildTransferFunctionScriptingTraits (0ms)
		AnalyzeDomain (521ms)
			TypeCache.Refresh (14ms)
				TypeCache.ScanAssembly (0ms)
			BuildScriptInfoCaches (473ms)
			ResolveRequiredComponents (26ms)
	FinalizeReload (2040ms)
		ReleaseScriptCaches (0ms)
		RebuildScriptCaches (0ms)
		SetupLoadedEditorAssemblies (1657ms)
			LogAssemblyErrors (0ms)
			InitializePlatformSupportModulesInManaged (5ms)
			SetLoadedEditorAssemblies (12ms)
			BeforeProcessingInitializeOnLoad (503ms)
			ProcessInitializeOnLoadAttributes (893ms)
			ProcessInitializeOnLoadMethodAttributes (220ms)
			AfterProcessingInitializeOnLoad (23ms)
			EditorAssembliesLoaded (1ms)
		ExecutionOrderSort2 (0ms)
		AwakeInstancesAfterBackupRestoration (37ms)
Refreshing native plugins compatible for Editor in 5.04 ms, found 4 plugins.
Preloading 0 native plugins for Editor in 0.00 ms.
Unloading 30 Unused Serialized files (Serialized files now loaded: 0)
Unloading 6926 unused Assets / (6.3 MB). Loaded Objects now: 7751.
Memory consumption went from 156.6 MB to 150.3 MB.
Total: 24.578800 ms (FindLiveObjects: 1.525500 ms CreateObjectMapping: 2.226100 ms MarkObjects: 12.276700 ms  DeleteObjects: 8.548200 ms)

Prepare: number of updated asset objects reloaded= 0
========================================================================
Received Prepare
Begin MonoManager ReloadAssembly
[Licensing::Client] Successfully resolved entitlement details
- Loaded All Assemblies, in  1.948 seconds
Refreshing native plugins compatible for Editor in 4.93 ms, found 4 plugins.
Native extension for WindowsStandalone target not found
Native extension for WebGL target not found
[Package Manager] Failed to launch server process. Reason: Unity was launched with the -noUpm command-line argument
[Package Manager] Unable to send message (not connected to server process).
[Package Manager] Cannot connect to Unity Package Manager local server
ScheduleIndexationOnStartup MainProcess:False IndexOnStartup:True
Mono: successfully reloaded assembly
- Finished resetting the current domain, in  2.030 seconds
Domain Reload Profiling: 3968ms
	BeginReloadAssembly (506ms)
		ExecutionOrderSort (0ms)
		DisableScriptedObjects (41ms)
		BackupInstance (0ms)
		ReleaseScriptingObjects (0ms)
		CreateAndSetChildDomain (104ms)
	RebuildCommonClasses (99ms)
	RebuildNativeTypeToScriptingClass (37ms)
	initialDomainReloadingComplete (76ms)
	LoadAllAssembliesAndSetupDomain (1218ms)
		LoadAssemblies (922ms)
		RebuildTransferFunctionScriptingTraits (0ms)
		AnalyzeDomain (536ms)
			TypeCache.Refresh (12ms)
				TypeCache.ScanAssembly (0ms)
			BuildScriptInfoCaches (490ms)
			ResolveRequiredComponents (24ms)
	FinalizeReload (2032ms)
		ReleaseScriptCaches (0ms)
		RebuildScriptCaches (0ms)
		SetupLoadedEditorAssemblies (1628ms)
			LogAssemblyErrors (0ms)
			InitializePlatformSupportModulesInManaged (6ms)
			SetLoadedEditorAssemblies (13ms)
			BeforeProcessingInitializeOnLoad (483ms)
			ProcessInitializeOnLoadAttributes (887ms)
			ProcessInitializeOnLoadMethodAttributes (209ms)
			AfterProcessingInitializeOnLoad (29ms)
			EditorAssembliesLoaded (1ms)
		ExecutionOrderSort2 (0ms)
		AwakeInstancesAfterBackupRestoration (37ms)
Refreshing native plugins compatible for Editor in 6.68 ms, found 4 plugins.
Preloading 0 native plugins for Editor in 0.00 ms.
Unloading 30 Unused Serialized files (Serialized files now loaded: 0)
Unloading 6926 unused Assets / (5.8 MB). Loaded Objects now: 7754.
Memory consumption went from 156.7 MB to 150.9 MB.
Total: 26.211700 ms (FindLiveObjects: 1.314800 ms CreateObjectMapping: 2.298700 ms MarkObjects: 14.557700 ms  DeleteObjects: 8.038100 ms)

Prepare: number of updated asset objects reloaded= 0
========================================================================
Received Prepare
Begin MonoManager ReloadAssembly
- Loaded All Assemblies, in  1.770 seconds
Refreshing native plugins compatible for Editor in 5.02 ms, found 4 plugins.
Native extension for WindowsStandalone target not found
Native extension for WebGL target not found
[Package Manager] Failed to launch server process. Reason: Unity was launched with the -noUpm command-line argument
[Package Manager] Unable to send message (not connected to server process).
[Package Manager] Cannot connect to Unity Package Manager local server
ScheduleIndexationOnStartup MainProcess:False IndexOnStartup:True
Mono: successfully reloaded assembly
- Finished resetting the current domain, in  2.126 seconds
Domain Reload Profiling: 3890ms
	BeginReloadAssembly (463ms)
		ExecutionOrderSort (0ms)
		DisableScriptedObjects (27ms)
		BackupInstance (0ms)
		ReleaseScriptingObjects (0ms)
		CreateAndSetChildDomain (99ms)
	RebuildCommonClasses (84ms)
	RebuildNativeTypeToScriptingClass (31ms)
	initialDomainReloadingComplete (72ms)
	LoadAllAssembliesAndSetupDomain (1113ms)
		LoadAssemblies (866ms)
		RebuildTransferFunctionScriptingTraits (0ms)
		AnalyzeDomain (460ms)
			TypeCache.Refresh (12ms)
				TypeCache.ScanAssembly (0ms)
			BuildScriptInfoCaches (416ms)
			ResolveRequiredComponents (24ms)
	FinalizeReload (2128ms)
		ReleaseScriptCaches (0ms)
		RebuildScriptCaches (0ms)
		SetupLoadedEditorAssemblies (1727ms)
			LogAssemblyErrors (0ms)
			InitializePlatformSupportModulesInManaged (6ms)
			SetLoadedEditorAssemblies (12ms)
			BeforeProcessingInitializeOnLoad (459ms)
			ProcessInitializeOnLoadAttributes (986ms)
			ProcessInitializeOnLoadMethodAttributes (238ms)
			AfterProcessingInitializeOnLoad (24ms)
			EditorAssembliesLoaded (1ms)
		ExecutionOrderSort2 (0ms)
		AwakeInstancesAfterBackupRestoration (45ms)
Refreshing native plugins compatible for Editor in 6.03 ms, found 4 plugins.
Preloading 0 native plugins for Editor in 0.00 ms.
Unloading 30 Unused Serialized files (Serialized files now loaded: 0)
Unloading 6926 unused Assets / (6.2 MB). Loaded Objects now: 7757.
Memory consumption went from 156.7 MB to 150.5 MB.
Total: 28.020000 ms (FindLiveObjects: 1.563500 ms CreateObjectMapping: 2.548800 ms MarkObjects: 15.375200 ms  DeleteObjects: 8.530400 ms)

Prepare: number of updated asset objects reloaded= 0
========================================================================
Received Import Request.
  Time since last request: 17061.126575 seconds.
  path: Assets/Settings/Renderer2D.asset
  artifactKey: Guid(424799608f7334c24bf367e4bbfa7f9a) Importer(815301076,1909f56bfc062723c751e8b465ee728b)
Start importing Assets/Settings/Renderer2D.asset using Guid(424799608f7334c24bf367e4bbfa7f9a) Importer(815301076,1909f56bfc062723c751e8b465ee728b) (PreviewImporter) -> (artifact id: '403a0a9c0aeae1e5730532c1b4a28511') in 0.1319578 seconds
Number of updated asset objects reloaded before import = 0Number of asset objects unloaded after import = 0

========================================================================
Received Import Request.
  Time since last request: 0.000053 seconds.
  path: Assets/Settings/UniversalRP.asset
  artifactKey: Guid(681886c5eb7344803b6206f758bf0b1c) Importer(815301076,1909f56bfc062723c751e8b465ee728b)
Start importing Assets/Settings/UniversalRP.asset using Guid(681886c5eb7344803b6206f758bf0b1c) Importer(815301076,1909f56bfc062723c751e8b465ee728b) (PreviewImporter) -> (artifact id: 'bf385e22c4eb99ed4b0458ac61d8fec4') in 0.0020876 seconds
Number of updated asset objects reloaded before import = 0Number of asset objects unloaded after import = 0

========================================================================
Received Prepare
Refreshing native plugins compatible for Editor in 4.23 ms, found 4 plugins.
Preloading 0 native plugins for Editor in 0.00 ms.
Unloading 30 Unused Serialized files (Serialized files now loaded: 0)
Unloading 6917 unused Assets / (6.3 MB). Loaded Objects now: 7759.
Memory consumption went from 156.9 MB to 150.6 MB.
Total: 23.161900 ms (FindLiveObjects: 1.223100 ms CreateObjectMapping: 2.423600 ms MarkObjects: 11.715500 ms  DeleteObjects: 7.797300 ms)

Prepare: number of updated asset objects reloaded= 0
========================================================================
Received Import Request.
  Time since last request: 158.047589 seconds.
  path: Assets/Scripts/ObstacleMover.cs
  artifactKey: Guid(ca71a27099364cf459b71560879fcc86) Importer(815301076,1909f56bfc062723c751e8b465ee728b)
Start importing Assets/Scripts/ObstacleMover.cs using Guid(ca71a27099364cf459b71560879fcc86) Importer(815301076,1909f56bfc062723c751e8b465ee728b) (PreviewImporter) -> (artifact id: 'f866aca2bdcad54dd1339bf4fb32d5a3') in 0.0114706 seconds
Number of updated asset objects reloaded before import = 0Number of asset objects unloaded after import = 0

========================================================================
Received Prepare
Begin MonoManager ReloadAssembly
[Licensing::Client] Successfully resolved entitlement details
- Loaded All Assemblies, in  6.912 seconds
Refreshing native plugins compatible for Editor in 3.85 ms, found 4 plugins.
Native extension for WindowsStandalone target not found
Native extension for WebGL target not found
[Package Manager] Failed to launch server process. Reason: Unity was launched with the -noUpm command-line argument
[Package Manager] Unable to send message (not connected to server process).
[Package Manager] Cannot connect to Unity Package Manager local server
ScheduleIndexationOnStartup MainProcess:False IndexOnStartup:True
Mono: successfully reloaded assembly
- Finished resetting the current domain, in  1.691 seconds
Domain Reload Profiling: 8593ms
	BeginReloadAssembly (1439ms)
		ExecutionOrderSort (0ms)
		DisableScriptedObjects (50ms)
		BackupInstance (0ms)
		ReleaseScriptingObjects (0ms)
		CreateAndSetChildDomain (115ms)
	RebuildCommonClasses (406ms)
	RebuildNativeTypeToScriptingClass (37ms)
	initialDomainReloadingComplete (79ms)
	LoadAllAssembliesAndSetupDomain (4939ms)
		LoadAssemblies (5454ms)
		RebuildTransferFunctionScriptingTraits (0ms)
		AnalyzeDomain (633ms)
			TypeCache.Refresh (15ms)
				TypeCache.ScanAssembly (0ms)
			BuildScriptInfoCaches (588ms)
			ResolveRequiredComponents (22ms)
	FinalizeReload (1692ms)
		ReleaseScriptCaches (0ms)
		RebuildScriptCaches (0ms)
		SetupLoadedEditorAssemblies (1367ms)
			LogAssemblyErrors (0ms)
			InitializePlatformSupportModulesInManaged (5ms)
			SetLoadedEditorAssemblies (10ms)
			BeforeProcessingInitializeOnLoad (382ms)
			ProcessInitializeOnLoadAttributes (770ms)
			ProcessInitializeOnLoadMethodAttributes (179ms)
			AfterProcessingInitializeOnLoad (21ms)
			EditorAssembliesLoaded (1ms)
		ExecutionOrderSort2 (0ms)
		AwakeInstancesAfterBackupRestoration (29ms)
Refreshing native plugins compatible for Editor in 3.78 ms, found 4 plugins.
Preloading 0 native plugins for Editor in 0.00 ms.
Unloading 30 Unused Serialized files (Serialized files now loaded: 0)
Unloading 6927 unused Assets / (5.9 MB). Loaded Objects now: 7762.
Memory consumption went from 156.8 MB to 150.9 MB.
Total: 30.359100 ms (FindLiveObjects: 1.411000 ms CreateObjectMapping: 2.424300 ms MarkObjects: 18.584900 ms  DeleteObjects: 7.936300 ms)

Prepare: number of updated asset objects reloaded= 0
========================================================================
Received Prepare
Begin MonoManager ReloadAssembly
- Loaded All Assemblies, in  1.711 seconds
Refreshing native plugins compatible for Editor in 3.70 ms, found 4 plugins.
Native extension for WindowsStandalone target not found
Native extension for WebGL target not found
[Package Manager] Failed to launch server process. Reason: Unity was launched with the -noUpm command-line argument
[Package Manager] Unable to send message (not connected to server process).
[Package Manager] Cannot connect to Unity Package Manager local server
ScheduleIndexationOnStartup MainProcess:False IndexOnStartup:True
Mono: successfully reloaded assembly
- Finished resetting the current domain, in  1.909 seconds
Domain Reload Profiling: 3614ms
	BeginReloadAssembly (397ms)
		ExecutionOrderSort (0ms)
		DisableScriptedObjects (24ms)
		BackupInstance (0ms)
		ReleaseScriptingObjects (0ms)
		CreateAndSetChildDomain (85ms)
	RebuildCommonClasses (77ms)
	RebuildNativeTypeToScriptingClass (27ms)
	initialDomainReloadingComplete (58ms)
	LoadAllAssembliesAndSetupDomain (1145ms)
		LoadAssemblies (809ms)
		RebuildTransferFunctionScriptingTraits (0ms)
		AnalyzeDomain (522ms)
			TypeCache.Refresh (13ms)
				TypeCache.ScanAssembly (0ms)
			BuildScriptInfoCaches (470ms)
			ResolveRequiredComponents (30ms)
	FinalizeReload (1911ms)
		ReleaseScriptCaches (0ms)
		RebuildScriptCaches (0ms)
		SetupLoadedEditorAssemblies (1556ms)
			LogAssemblyErrors (0ms)
			InitializePlatformSupportModulesInManaged (6ms)
			SetLoadedEditorAssemblies (11ms)
			BeforeProcessingInitializeOnLoad (427ms)
			ProcessInitializeOnLoadAttributes (873ms)
			ProcessInitializeOnLoadMethodAttributes (215ms)
			AfterProcessingInitializeOnLoad (23ms)
			EditorAssembliesLoaded (1ms)
		ExecutionOrderSort2 (0ms)
		AwakeInstancesAfterBackupRestoration (37ms)
Refreshing native plugins compatible for Editor in 8.49 ms, found 4 plugins.
Preloading 0 native plugins for Editor in 0.00 ms.
Unloading 30 Unused Serialized files (Serialized files now loaded: 0)
Unloading 6927 unused Assets / (6.0 MB). Loaded Objects now: 7765.
Memory consumption went from 156.8 MB to 150.8 MB.
Total: 28.276100 ms (FindLiveObjects: 1.543900 ms CreateObjectMapping: 2.248800 ms MarkObjects: 15.017400 ms  DeleteObjects: 9.462900 ms)

Prepare: number of updated asset objects reloaded= 0
========================================================================
Received Prepare
Begin MonoManager ReloadAssembly
- Loaded All Assemblies, in  1.649 seconds
Refreshing native plugins compatible for Editor in 4.28 ms, found 4 plugins.
Native extension for WindowsStandalone target not found
Native extension for WebGL target not found
[Package Manager] Failed to launch server process. Reason: Unity was launched with the -noUpm command-line argument
[Package Manager] Unable to send message (not connected to server process).
[Package Manager] Cannot connect to Unity Package Manager local server
ScheduleIndexationOnStartup MainProcess:False IndexOnStartup:True
Mono: successfully reloaded assembly
- Finished resetting the current domain, in  2.008 seconds
Domain Reload Profiling: 3649ms
	BeginReloadAssembly (435ms)
		ExecutionOrderSort (0ms)
		DisableScriptedObjects (31ms)
		BackupInstance (0ms)
		ReleaseScriptingObjects (0ms)
		CreateAndSetChildDomain (83ms)
	RebuildCommonClasses (76ms)
	RebuildNativeTypeToScriptingClass (25ms)
	initialDomainReloadingComplete (69ms)
	LoadAllAssembliesAndSetupDomain (1034ms)
		LoadAssemblies (805ms)
		RebuildTransferFunctionScriptingTraits (0ms)
		AnalyzeDomain (432ms)
			TypeCache.Refresh (12ms)
				TypeCache.ScanAssembly (0ms)
			BuildScriptInfoCaches (395ms)
			ResolveRequiredComponents (18ms)
	FinalizeReload (2010ms)
		ReleaseScriptCaches (0ms)
		RebuildScriptCaches (0ms)
		SetupLoadedEditorAssemblies (1611ms)
			LogAssemblyErrors (0ms)
			InitializePlatformSupportModulesInManaged (6ms)
			SetLoadedEditorAssemblies (14ms)
			BeforeProcessingInitializeOnLoad (495ms)
			ProcessInitializeOnLoadAttributes (860ms)
			ProcessInitializeOnLoadMethodAttributes (215ms)
			AfterProcessingInitializeOnLoad (20ms)
			EditorAssembliesLoaded (1ms)
		ExecutionOrderSort2 (0ms)
		AwakeInstancesAfterBackupRestoration (39ms)
Refreshing native plugins compatible for Editor in 5.44 ms, found 4 plugins.
Preloading 0 native plugins for Editor in 0.00 ms.
Unloading 30 Unused Serialized files (Serialized files now loaded: 0)
Unloading 6927 unused Assets / (5.6 MB). Loaded Objects now: 7768.
Memory consumption went from 156.9 MB to 151.3 MB.
Total: 24.922700 ms (FindLiveObjects: 1.465800 ms CreateObjectMapping: 1.997200 ms MarkObjects: 13.684300 ms  DeleteObjects: 7.772500 ms)

Prepare: number of updated asset objects reloaded= 0
========================================================================
Received Prepare
Refreshing native plugins compatible for Editor in 5.33 ms, found 4 plugins.
Preloading 0 native plugins for Editor in 0.00 ms.
Unloading 30 Unused Serialized files (Serialized files now loaded: 0)
Unloading 6918 unused Assets / (6.1 MB). Loaded Objects now: 7769.
Memory consumption went from 157.0 MB to 150.9 MB.
Total: 25.086400 ms (FindLiveObjects: 1.290400 ms CreateObjectMapping: 2.034600 ms MarkObjects: 13.354500 ms  DeleteObjects: 8.405200 ms)

Prepare: number of updated asset objects reloaded= 0
========================================================================
Received Prepare
Begin MonoManager ReloadAssembly
[Licensing::Client] Successfully resolved entitlement details
- Loaded All Assemblies, in  1.891 seconds
Refreshing native plugins compatible for Editor in 6.65 ms, found 4 plugins.
Native extension for WindowsStandalone target not found
Native extension for WebGL target not found
[Package Manager] Failed to launch server process. Reason: Unity was launched with the -noUpm command-line argument
[Package Manager] Unable to send message (not connected to server process).
[Package Manager] Cannot connect to Unity Package Manager local server
ScheduleIndexationOnStartup MainProcess:False IndexOnStartup:True
Mono: successfully reloaded assembly
- Finished resetting the current domain, in  2.130 seconds
Domain Reload Profiling: 4011ms
	BeginReloadAssembly (586ms)
		ExecutionOrderSort (0ms)
		DisableScriptedObjects (59ms)
		BackupInstance (0ms)
		ReleaseScriptingObjects (1ms)
		CreateAndSetChildDomain (152ms)
	RebuildCommonClasses (85ms)
	RebuildNativeTypeToScriptingClass (30ms)
	initialDomainReloadingComplete (70ms)
	LoadAllAssembliesAndSetupDomain (1110ms)
		LoadAssemblies (866ms)
		RebuildTransferFunctionScriptingTraits (0ms)
		AnalyzeDomain (459ms)
			TypeCache.Refresh (19ms)
				TypeCache.ScanAssembly (0ms)
			BuildScriptInfoCaches (406ms)
			ResolveRequiredComponents (25ms)
	FinalizeReload (2131ms)
		ReleaseScriptCaches (0ms)
		RebuildScriptCaches (0ms)
		SetupLoadedEditorAssemblies (1690ms)
			LogAssemblyErrors (0ms)
			InitializePlatformSupportModulesInManaged (6ms)
			SetLoadedEditorAssemblies (12ms)
			BeforeProcessingInitializeOnLoad (467ms)
			ProcessInitializeOnLoadAttributes (965ms)
			ProcessInitializeOnLoadMethodAttributes (219ms)
			AfterProcessingInitializeOnLoad (20ms)
			EditorAssembliesLoaded (1ms)
		ExecutionOrderSort2 (0ms)
		AwakeInstancesAfterBackupRestoration (36ms)
Refreshing native plugins compatible for Editor in 6.71 ms, found 4 plugins.
Preloading 0 native plugins for Editor in 0.00 ms.
Unloading 30 Unused Serialized files (Serialized files now loaded: 0)
Unloading 6928 unused Assets / (6.2 MB). Loaded Objects now: 7772.
Memory consumption went from 156.9 MB to 150.8 MB.
Total: 31.061900 ms (FindLiveObjects: 1.506300 ms CreateObjectMapping: 2.798500 ms MarkObjects: 14.858800 ms  DeleteObjects: 11.895500 ms)

Prepare: number of updated asset objects reloaded= 0
========================================================================
Received Import Request.
  Time since last request: 397.288358 seconds.
  path: Assets/Scripts/NewMonoBehaviourScript.cs
  artifactKey: Guid(62b57f92955832e418e70a2e28883a51) Importer(815301076,1909f56bfc062723c751e8b465ee728b)
Start importing Assets/Scripts/NewMonoBehaviourScript.cs using Guid(62b57f92955832e418e70a2e28883a51) Importer(815301076,1909f56bfc062723c751e8b465ee728b) (PreviewImporter) -> (artifact id: 'd03b41ad686937aaa587900ea0cf6335') in 0.0631479 seconds
Number of updated asset objects reloaded before import = 0Number of asset objects unloaded after import = 0

========================================================================
Received Prepare
Refreshing native plugins compatible for Editor in 3.92 ms, found 4 plugins.
Preloading 0 native plugins for Editor in 0.00 ms.
Unloading 30 Unused Serialized files (Serialized files now loaded: 0)
Unloading 6918 unused Assets / (5.8 MB). Loaded Objects now: 7772.
Memory consumption went from 157.1 MB to 151.3 MB.
Total: 21.616300 ms (FindLiveObjects: 1.232900 ms CreateObjectMapping: 2.311200 ms MarkObjects: 12.071700 ms  DeleteObjects: 5.998400 ms)

Prepare: number of updated asset objects reloaded= 0
========================================================================
Received Prepare
Begin MonoManager ReloadAssembly
- Loaded All Assemblies, in  2.729 seconds
Refreshing native plugins compatible for Editor in 8.13 ms, found 4 plugins.
Native extension for WindowsStandalone target not found
Native extension for WebGL target not found
[Package Manager] Failed to launch server process. Reason: Unity was launched with the -noUpm command-line argument
[Package Manager] Unable to send message (not connected to server process).
[Package Manager] Cannot connect to Unity Package Manager local server
ScheduleIndexationOnStartup MainProcess:False IndexOnStartup:True
Mono: successfully reloaded assembly
- Finished resetting the current domain, in  4.631 seconds
Domain Reload Profiling: 7342ms
	BeginReloadAssembly (734ms)
		ExecutionOrderSort (0ms)
		DisableScriptedObjects (49ms)
		BackupInstance (0ms)
		ReleaseScriptingObjects (0ms)
		CreateAndSetChildDomain (157ms)
	RebuildCommonClasses (122ms)
	RebuildNativeTypeToScriptingClass (49ms)
	initialDomainReloadingComplete (114ms)
	LoadAllAssembliesAndSetupDomain (1691ms)
		LoadAssemblies (1353ms)
		RebuildTransferFunctionScriptingTraits (0ms)
		AnalyzeDomain (698ms)
			TypeCache.Refresh (21ms)
				TypeCache.ScanAssembly (0ms)
			BuildScriptInfoCaches (635ms)
			ResolveRequiredComponents (31ms)
	FinalizeReload (4632ms)
		ReleaseScriptCaches (0ms)
		RebuildScriptCaches (0ms)
		SetupLoadedEditorAssemblies (3925ms)
			LogAssemblyErrors (0ms)
			InitializePlatformSupportModulesInManaged (49ms)
			SetLoadedEditorAssemblies (109ms)
			BeforeProcessingInitializeOnLoad (1548ms)
			ProcessInitializeOnLoadAttributes (1816ms)
			ProcessInitializeOnLoadMethodAttributes (376ms)
			AfterProcessingInitializeOnLoad (26ms)
			EditorAssembliesLoaded (1ms)
		ExecutionOrderSort2 (0ms)
		AwakeInstancesAfterBackupRestoration (53ms)
Refreshing native plugins compatible for Editor in 5.96 ms, found 4 plugins.
Preloading 0 native plugins for Editor in 0.00 ms.
Unloading 30 Unused Serialized files (Serialized files now loaded: 0)
Unloading 6928 unused Assets / (5.7 MB). Loaded Objects now: 7775.
Memory consumption went from 157.0 MB to 151.3 MB.
Total: 29.435700 ms (FindLiveObjects: 1.293600 ms CreateObjectMapping: 2.237000 ms MarkObjects: 15.381100 ms  DeleteObjects: 10.521200 ms)

Prepare: number of updated asset objects reloaded= 0
========================================================================
Received Prepare
Begin MonoManager ReloadAssembly
[Licensing::Client] Successfully resolved entitlement details
- Loaded All Assemblies, in  2.065 seconds
Refreshing native plugins compatible for Editor in 6.75 ms, found 4 plugins.
Native extension for WindowsStandalone target not found
Native extension for WebGL target not found
[Package Manager] Failed to launch server process. Reason: Unity was launched with the -noUpm command-line argument
[Package Manager] Unable to send message (not connected to server process).
[Package Manager] Cannot connect to Unity Package Manager local server
ScheduleIndexationOnStartup MainProcess:False IndexOnStartup:True
Mono: successfully reloaded assembly
- Finished resetting the current domain, in  2.376 seconds
Domain Reload Profiling: 4432ms
	BeginReloadAssembly (566ms)
		ExecutionOrderSort (0ms)
		DisableScriptedObjects (36ms)
		BackupInstance (0ms)
		ReleaseScriptingObjects (0ms)
		CreateAndSetChildDomain (112ms)
	RebuildCommonClasses (102ms)
	RebuildNativeTypeToScriptingClass (32ms)
	initialDomainReloadingComplete (101ms)
	LoadAllAssembliesAndSetupDomain (1255ms)
		LoadAssemblies (1018ms)
		RebuildTransferFunctionScriptingTraits (0ms)
		AnalyzeDomain (522ms)
			TypeCache.Refresh (22ms)
				TypeCache.ScanAssembly (0ms)
			BuildScriptInfoCaches (463ms)
			ResolveRequiredComponents (28ms)
	FinalizeReload (2377ms)
		ReleaseScriptCaches (0ms)
		RebuildScriptCaches (0ms)
		SetupLoadedEditorAssemblies (1887ms)
			LogAssemblyErrors (0ms)
			InitializePlatformSupportModulesInManaged (7ms)
			SetLoadedEditorAssemblies (14ms)
			BeforeProcessingInitializeOnLoad (560ms)
			ProcessInitializeOnLoadAttributes (995ms)
			ProcessInitializeOnLoadMethodAttributes (284ms)
			AfterProcessingInitializeOnLoad (26ms)
			EditorAssembliesLoaded (1ms)
		ExecutionOrderSort2 (0ms)
		AwakeInstancesAfterBackupRestoration (47ms)
Refreshing native plugins compatible for Editor in 3.67 ms, found 4 plugins.
Preloading 0 native plugins for Editor in 0.00 ms.
Unloading 30 Unused Serialized files (Serialized files now loaded: 0)
Unloading 6928 unused Assets / (6.4 MB). Loaded Objects now: 7778.
Memory consumption went from 157.0 MB to 150.6 MB.
Total: 30.037200 ms (FindLiveObjects: 1.491700 ms CreateObjectMapping: 2.448200 ms MarkObjects: 15.423700 ms  DeleteObjects: 10.670200 ms)

Prepare: number of updated asset objects reloaded= 0
========================================================================
Received Prepare
Begin MonoManager ReloadAssembly
[Licensing::Client] Successfully resolved entitlement details
- Loaded All Assemblies, in  1.634 seconds
Refreshing native plugins compatible for Editor in 3.44 ms, found 4 plugins.
Native extension for WindowsStandalone target not found
Native extension for WebGL target not found
[Package Manager] Failed to launch server process. Reason: Unity was launched with the -noUpm command-line argument
[Package Manager] Unable to send message (not connected to server process).
[Package Manager] Cannot connect to Unity Package Manager local server
ScheduleIndexationOnStartup MainProcess:False IndexOnStartup:True
Mono: successfully reloaded assembly
- Finished resetting the current domain, in  1.814 seconds
Domain Reload Profiling: 3446ms
	BeginReloadAssembly (418ms)
		ExecutionOrderSort (0ms)
		DisableScriptedObjects (30ms)
		BackupInstance (0ms)
		ReleaseScriptingObjects (0ms)
		CreateAndSetChildDomain (72ms)
	RebuildCommonClasses (73ms)
	RebuildNativeTypeToScriptingClass (30ms)
	initialDomainReloadingComplete (63ms)
	LoadAllAssembliesAndSetupDomain (1046ms)
		LoadAssemblies (785ms)
		RebuildTransferFunctionScriptingTraits (0ms)
		AnalyzeDomain (475ms)
			TypeCache.Refresh (11ms)
				TypeCache.ScanAssembly (0ms)
			BuildScriptInfoCaches (426ms)
			ResolveRequiredComponents (27ms)
	FinalizeReload (1816ms)
		ReleaseScriptCaches (0ms)
		RebuildScriptCaches (0ms)
		SetupLoadedEditorAssemblies (1482ms)
			LogAssemblyErrors (0ms)
			InitializePlatformSupportModulesInManaged (4ms)
			SetLoadedEditorAssemblies (8ms)
			BeforeProcessingInitializeOnLoad (380ms)
			ProcessInitializeOnLoadAttributes (839ms)
			ProcessInitializeOnLoadMethodAttributes (225ms)
			AfterProcessingInitializeOnLoad (24ms)
			EditorAssembliesLoaded (1ms)
		ExecutionOrderSort2 (0ms)
		AwakeInstancesAfterBackupRestoration (41ms)
Refreshing native plugins compatible for Editor in 3.82 ms, found 4 plugins.
Preloading 0 native plugins for Editor in 0.00 ms.
Unloading 30 Unused Serialized files (Serialized files now loaded: 0)
Unloading 6928 unused Assets / (5.8 MB). Loaded Objects now: 7781.
Memory consumption went from 157.1 MB to 151.3 MB.
Total: 24.424900 ms (FindLiveObjects: 1.378600 ms CreateObjectMapping: 2.134800 ms MarkObjects: 11.995000 ms  DeleteObjects: 8.913900 ms)

Prepare: number of updated asset objects reloaded= 0
========================================================================
Received Prepare
Begin MonoManager ReloadAssembly
- Loaded All Assemblies, in  1.444 seconds
Refreshing native plugins compatible for Editor in 4.19 ms, found 4 plugins.
Native extension for WindowsStandalone target not found
Native extension for WebGL target not found
[Package Manager] Failed to launch server process. Reason: Unity was launched with the -noUpm command-line argument
[Package Manager] Unable to send message (not connected to server process).
[Package Manager] Cannot connect to Unity Package Manager local server
ScheduleIndexationOnStartup MainProcess:False IndexOnStartup:True
Mono: successfully reloaded assembly
- Finished resetting the current domain, in  1.778 seconds
Domain Reload Profiling: 3216ms
	BeginReloadAssembly (366ms)
		ExecutionOrderSort (0ms)
		DisableScriptedObjects (25ms)
		BackupInstance (0ms)
		ReleaseScriptingObjects (0ms)
		CreateAndSetChildDomain (77ms)
	RebuildCommonClasses (69ms)
	RebuildNativeTypeToScriptingClass (31ms)
	initialDomainReloadingComplete (56ms)
	LoadAllAssembliesAndSetupDomain (916ms)
		LoadAssemblies (672ms)
		RebuildTransferFunctionScriptingTraits (0ms)
		AnalyzeDomain (405ms)
			TypeCache.Refresh (11ms)
				TypeCache.ScanAssembly (0ms)
			BuildScriptInfoCaches (365ms)
			ResolveRequiredComponents (21ms)
	FinalizeReload (1779ms)
		ReleaseScriptCaches (0ms)
		RebuildScriptCaches (0ms)
		SetupLoadedEditorAssemblies (1451ms)
			LogAssemblyErrors (0ms)
			InitializePlatformSupportModulesInManaged (4ms)
			SetLoadedEditorAssemblies (9ms)
			BeforeProcessingInitializeOnLoad (378ms)
			ProcessInitializeOnLoadAttributes (834ms)
			ProcessInitializeOnLoadMethodAttributes (206ms)
			AfterProcessingInitializeOnLoad (19ms)
			EditorAssembliesLoaded (1ms)
		ExecutionOrderSort2 (0ms)
		AwakeInstancesAfterBackupRestoration (41ms)
Refreshing native plugins compatible for Editor in 5.92 ms, found 4 plugins.
Preloading 0 native plugins for Editor in 0.00 ms.
Unloading 30 Unused Serialized files (Serialized files now loaded: 0)
Unloading 6928 unused Assets / (6.2 MB). Loaded Objects now: 7784.
Memory consumption went from 157.1 MB to 150.9 MB.
Total: 25.511100 ms (FindLiveObjects: 1.622300 ms CreateObjectMapping: 2.373100 ms MarkObjects: 13.542400 ms  DeleteObjects: 7.970500 ms)

Prepare: number of updated asset objects reloaded= 0
========================================================================
Received Prepare
Begin MonoManager ReloadAssembly
[Licensing::Client] Successfully resolved entitlement details
- Loaded All Assemblies, in  1.524 seconds
Refreshing native plugins compatible for Editor in 5.01 ms, found 4 plugins.
Native extension for WindowsStandalone target not found
Native extension for WebGL target not found
[Package Manager] Failed to launch server process. Reason: Unity was launched with the -noUpm command-line argument
[Package Manager] Unable to send message (not connected to server process).
[Package Manager] Cannot connect to Unity Package Manager local server
ScheduleIndexationOnStartup MainProcess:False IndexOnStartup:True
Mono: successfully reloaded assembly
- Finished resetting the current domain, in  1.806 seconds
Domain Reload Profiling: 3317ms
	BeginReloadAssembly (376ms)
		ExecutionOrderSort (0ms)
		DisableScriptedObjects (30ms)
		BackupInstance (0ms)
		ReleaseScriptingObjects (0ms)
		CreateAndSetChildDomain (79ms)
	RebuildCommonClasses (70ms)
	RebuildNativeTypeToScriptingClass (27ms)
	initialDomainReloadingComplete (57ms)
	LoadAllAssembliesAndSetupDomain (979ms)
		LoadAssemblies (736ms)
		RebuildTransferFunctionScriptingTraits (0ms)
		AnalyzeDomain (415ms)
			TypeCache.Refresh (12ms)
				TypeCache.ScanAssembly (0ms)
			BuildScriptInfoCaches (369ms)
			ResolveRequiredComponents (25ms)
	FinalizeReload (1807ms)
		ReleaseScriptCaches (0ms)
		RebuildScriptCaches (0ms)
		SetupLoadedEditorAssemblies (1473ms)
			LogAssemblyErrors (0ms)
			InitializePlatformSupportModulesInManaged (4ms)
			SetLoadedEditorAssemblies (12ms)
			BeforeProcessingInitializeOnLoad (419ms)
			ProcessInitializeOnLoadAttributes (821ms)
			ProcessInitializeOnLoadMethodAttributes (198ms)
			AfterProcessingInitializeOnLoad (18ms)
			EditorAssembliesLoaded (1ms)
		ExecutionOrderSort2 (0ms)
		AwakeInstancesAfterBackupRestoration (34ms)
Refreshing native plugins compatible for Editor in 8.05 ms, found 4 plugins.
Preloading 0 native plugins for Editor in 0.00 ms.
Unloading 30 Unused Serialized files (Serialized files now loaded: 0)
Unloading 6928 unused Assets / (6.1 MB). Loaded Objects now: 7787.
Memory consumption went from 157.1 MB to 151.0 MB.
Total: 23.745900 ms (FindLiveObjects: 1.697400 ms CreateObjectMapping: 2.162800 ms MarkObjects: 12.046100 ms  DeleteObjects: 7.837100 ms)

Prepare: number of updated asset objects reloaded= 0
========================================================================
Received Prepare
Begin MonoManager ReloadAssembly
[Licensing::Client] Successfully resolved entitlement details
- Loaded All Assemblies, in  1.458 seconds
Refreshing native plugins compatible for Editor in 3.87 ms, found 4 plugins.
Native extension for WindowsStandalone target not found
Native extension for WebGL target not found
[Package Manager] Failed to launch server process. Reason: Unity was launched with the -noUpm command-line argument
[Package Manager] Unable to send message (not connected to server process).
[Package Manager] Cannot connect to Unity Package Manager local server
ScheduleIndexationOnStartup MainProcess:False IndexOnStartup:True
Mono: successfully reloaded assembly
- Finished resetting the current domain, in  1.439 seconds
Domain Reload Profiling: 2889ms
	BeginReloadAssembly (377ms)
		ExecutionOrderSort (0ms)
		DisableScriptedObjects (31ms)
		BackupInstance (0ms)
		ReleaseScriptingObjects (0ms)
		CreateAndSetChildDomain (73ms)
	RebuildCommonClasses (60ms)
	RebuildNativeTypeToScriptingClass (23ms)
	initialDomainReloadingComplete (54ms)
	LoadAllAssembliesAndSetupDomain (935ms)
		LoadAssemblies (725ms)
		RebuildTransferFunctionScriptingTraits (0ms)
		AnalyzeDomain (378ms)
			TypeCache.Refresh (11ms)
				TypeCache.ScanAssembly (0ms)
			BuildScriptInfoCaches (336ms)
			ResolveRequiredComponents (23ms)
	FinalizeReload (1439ms)
		ReleaseScriptCaches (0ms)
		RebuildScriptCaches (0ms)
		SetupLoadedEditorAssemblies (1164ms)
			LogAssemblyErrors (0ms)
			InitializePlatformSupportModulesInManaged (4ms)
			SetLoadedEditorAssemblies (8ms)
			BeforeProcessingInitializeOnLoad (365ms)
			ProcessInitializeOnLoadAttributes (651ms)
			ProcessInitializeOnLoadMethodAttributes (120ms)
			AfterProcessingInitializeOnLoad (15ms)
			EditorAssembliesLoaded (1ms)
		ExecutionOrderSort2 (0ms)
		AwakeInstancesAfterBackupRestoration (23ms)
Refreshing native plugins compatible for Editor in 3.43 ms, found 4 plugins.
Preloading 0 native plugins for Editor in 0.00 ms.
Unloading 30 Unused Serialized files (Serialized files now loaded: 0)
Unloading 6928 unused Assets / (6.1 MB). Loaded Objects now: 7790.
Memory consumption went from 157.2 MB to 151.1 MB.
Total: 17.134500 ms (FindLiveObjects: 1.111400 ms CreateObjectMapping: 1.118900 ms MarkObjects: 8.329900 ms  DeleteObjects: 6.572000 ms)

Prepare: number of updated asset objects reloaded= 0
========================================================================
Received Prepare
Begin MonoManager ReloadAssembly
[Licensing::Client] Successfully resolved entitlement details
- Loaded All Assemblies, in  1.548 seconds
Refreshing native plugins compatible for Editor in 4.84 ms, found 4 plugins.
Native extension for WindowsStandalone target not found
Native extension for WebGL target not found
[Package Manager] Failed to launch server process. Reason: Unity was launched with the -noUpm command-line argument
[Package Manager] Unable to send message (not connected to server process).
[Package Manager] Cannot connect to Unity Package Manager local server
ScheduleIndexationOnStartup MainProcess:False IndexOnStartup:True
Mono: successfully reloaded assembly
- Finished resetting the current domain, in  1.849 seconds
Domain Reload Profiling: 3387ms
	BeginReloadAssembly (412ms)
		ExecutionOrderSort (0ms)
		DisableScriptedObjects (30ms)
		BackupInstance (0ms)
		ReleaseScriptingObjects (0ms)
		CreateAndSetChildDomain (86ms)
	RebuildCommonClasses (68ms)
	RebuildNativeTypeToScriptingClass (29ms)
	initialDomainReloadingComplete (63ms)
	LoadAllAssembliesAndSetupDomain (966ms)
		LoadAssemblies (729ms)
		RebuildTransferFunctionScriptingTraits (0ms)
		AnalyzeDomain (420ms)
			TypeCache.Refresh (11ms)
				TypeCache.ScanAssembly (0ms)
			BuildScriptInfoCaches (381ms)
			ResolveRequiredComponents (20ms)
	FinalizeReload (1850ms)
		ReleaseScriptCaches (0ms)
		RebuildScriptCaches (0ms)
		SetupLoadedEditorAssemblies (1516ms)
			LogAssemblyErrors (0ms)
			InitializePlatformSupportModulesInManaged (5ms)
			SetLoadedEditorAssemblies (10ms)
			BeforeProcessingInitializeOnLoad (407ms)
			ProcessInitializeOnLoadAttributes (859ms)
			ProcessInitializeOnLoadMethodAttributes (213ms)
			AfterProcessingInitializeOnLoad (23ms)
			EditorAssembliesLoaded (1ms)
		ExecutionOrderSort2 (0ms)
		AwakeInstancesAfterBackupRestoration (37ms)
Refreshing native plugins compatible for Editor in 6.24 ms, found 4 plugins.
Preloading 0 native plugins for Editor in 0.00 ms.
Unloading 30 Unused Serialized files (Serialized files now loaded: 0)
Unloading 6928 unused Assets / (6.2 MB). Loaded Objects now: 7793.
Memory consumption went from 157.2 MB to 151.1 MB.
Total: 28.533000 ms (FindLiveObjects: 1.621900 ms CreateObjectMapping: 2.322800 ms MarkObjects: 14.810000 ms  DeleteObjects: 9.775200 ms)

Prepare: number of updated asset objects reloaded= 0
========================================================================
Received Prepare
Begin MonoManager ReloadAssembly
- Loaded All Assemblies, in  1.543 seconds
Refreshing native plugins compatible for Editor in 3.73 ms, found 4 plugins.
Native extension for WindowsStandalone target not found
Native extension for WebGL target not found
[Package Manager] Failed to launch server process. Reason: Unity was launched with the -noUpm command-line argument
[Package Manager] Unable to send message (not connected to server process).
[Package Manager] Cannot connect to Unity Package Manager local server
ScheduleIndexationOnStartup MainProcess:False IndexOnStartup:True
Mono: successfully reloaded assembly
- Finished resetting the current domain, in  1.884 seconds
Domain Reload Profiling: 3422ms
	BeginReloadAssembly (384ms)
		ExecutionOrderSort (0ms)
		DisableScriptedObjects (31ms)
		BackupInstance (0ms)
		ReleaseScriptingObjects (0ms)
		CreateAndSetChildDomain (78ms)
	RebuildCommonClasses (67ms)
	RebuildNativeTypeToScriptingClass (27ms)
	initialDomainReloadingComplete (63ms)
	LoadAllAssembliesAndSetupDomain (996ms)
		LoadAssemblies (727ms)
		RebuildTransferFunctionScriptingTraits (0ms)
		AnalyzeDomain (436ms)
			TypeCache.Refresh (11ms)
				TypeCache.ScanAssembly (0ms)
			BuildScriptInfoCaches (395ms)
			ResolveRequiredComponents (22ms)
	FinalizeReload (1886ms)
		ReleaseScriptCaches (0ms)
		RebuildScriptCaches (0ms)
		SetupLoadedEditorAssemblies (1542ms)
			LogAssemblyErrors (0ms)
			InitializePlatformSupportModulesInManaged (5ms)
			SetLoadedEditorAssemblies (12ms)
			BeforeProcessingInitializeOnLoad (429ms)
			ProcessInitializeOnLoadAttributes (878ms)
			ProcessInitializeOnLoadMethodAttributes (198ms)
			AfterProcessingInitializeOnLoad (20ms)
			EditorAssembliesLoaded (1ms)
		ExecutionOrderSort2 (0ms)
		AwakeInstancesAfterBackupRestoration (35ms)
Refreshing native plugins compatible for Editor in 4.40 ms, found 4 plugins.
Preloading 0 native plugins for Editor in 0.00 ms.
Unloading 30 Unused Serialized files (Serialized files now loaded: 0)
Unloading 6928 unused Assets / (6.1 MB). Loaded Objects now: 7796.
Memory consumption went from 157.3 MB to 151.2 MB.
Total: 24.015100 ms (FindLiveObjects: 1.514600 ms CreateObjectMapping: 2.277400 ms MarkObjects: 12.179300 ms  DeleteObjects: 8.041600 ms)

Prepare: number of updated asset objects reloaded= 0
========================================================================
Received Import Request.
  Time since last request: 1178.411860 seconds.
  path: Assets/Scripts/Gemini_Generated_Image_g7cr93g7cr93g7cr.png
  artifactKey: Guid(bfec35ea9b3a7d7488e303cd7fbac511) Importer(2089858483,b0f066a214c2f5e87bad3c948f4d605d)
Start importing Assets/Scripts/Gemini_Generated_Image_g7cr93g7cr93g7cr.png using Guid(bfec35ea9b3a7d7488e303cd7fbac511) Importer(2089858483,b0f066a214c2f5e87bad3c948f4d605d) (ScriptedImporter) -> (artifact id: 'd7c2e126f844848b0e47640f3ac943ac') in 0.5054708 seconds
Number of updated asset objects reloaded before import = 0Number of asset objects unloaded after import = 3

========================================================================
Received Prepare
Refreshing native plugins compatible for Editor in 6.25 ms, found 4 plugins.
Preloading 0 native plugins for Editor in 0.00 ms.
Unloading 30 Unused Serialized files (Serialized files now loaded: 0)
Unloading 6919 unused Assets / (6.1 MB). Loaded Objects now: 7797.
Memory consumption went from 157.6 MB to 151.5 MB.
Total: 22.665400 ms (FindLiveObjects: 1.348300 ms CreateObjectMapping: 1.990600 ms MarkObjects: 12.125400 ms  DeleteObjects: 7.199000 ms)

Prepare: number of updated asset objects reloaded= 0
========================================================================
Received Prepare
Begin MonoManager ReloadAssembly
[Licensing::Client] Successfully resolved entitlement details
- Loaded All Assemblies, in  2.070 seconds
Refreshing native plugins compatible for Editor in 4.27 ms, found 4 plugins.
Native extension for WindowsStandalone target not found
Native extension for WebGL target not found
[Package Manager] Failed to launch server process. Reason: Unity was launched with the -noUpm command-line argument
[Package Manager] Unable to send message (not connected to server process).
[Package Manager] Cannot connect to Unity Package Manager local server
ScheduleIndexationOnStartup MainProcess:False IndexOnStartup:True
Mono: successfully reloaded assembly
- Finished resetting the current domain, in  1.838 seconds
Domain Reload Profiling: 3896ms
	BeginReloadAssembly (589ms)
		ExecutionOrderSort (0ms)
		DisableScriptedObjects (63ms)
		BackupInstance (0ms)
		ReleaseScriptingObjects (0ms)
		CreateAndSetChildDomain (112ms)
	RebuildCommonClasses (209ms)
	RebuildNativeTypeToScriptingClass (37ms)
	initialDomainReloadingComplete (72ms)
	LoadAllAssembliesAndSetupDomain (1151ms)
		LoadAssemblies (949ms)
		RebuildTransferFunctionScriptingTraits (0ms)
		AnalyzeDomain (481ms)
			TypeCache.Refresh (19ms)
				TypeCache.ScanAssembly (0ms)
			BuildScriptInfoCaches (432ms)
			ResolveRequiredComponents (21ms)
	FinalizeReload (1839ms)
		ReleaseScriptCaches (0ms)
		RebuildScriptCaches (0ms)
		SetupLoadedEditorAssemblies (1428ms)
			LogAssemblyErrors (0ms)
			InitializePlatformSupportModulesInManaged (6ms)
			SetLoadedEditorAssemblies (13ms)
			BeforeProcessingInitializeOnLoad (410ms)
			ProcessInitializeOnLoadAttributes (689ms)
			ProcessInitializeOnLoadMethodAttributes (289ms)
			AfterProcessingInitializeOnLoad (21ms)
			EditorAssembliesLoaded (1ms)
		ExecutionOrderSort2 (0ms)
		AwakeInstancesAfterBackupRestoration (42ms)
Refreshing native plugins compatible for Editor in 13.03 ms, found 4 plugins.
Preloading 0 native plugins for Editor in 0.00 ms.
Unloading 30 Unused Serialized files (Serialized files now loaded: 0)
Unloading 6929 unused Assets / (5.3 MB). Loaded Objects now: 7800.
Memory consumption went from 157.3 MB to 152.1 MB.
Total: 38.975600 ms (FindLiveObjects: 3.077000 ms CreateObjectMapping: 3.594800 ms MarkObjects: 20.418600 ms  DeleteObjects: 11.882600 ms)

Prepare: number of updated asset objects reloaded= 0
========================================================================
Received Prepare
Begin MonoManager ReloadAssembly
- Loaded All Assemblies, in  1.765 seconds
Refreshing native plugins compatible for Editor in 5.17 ms, found 4 plugins.
Native extension for WindowsStandalone target not found
Native extension for WebGL target not found
[Package Manager] Failed to launch server process. Reason: Unity was launched with the -noUpm command-line argument
[Package Manager] Unable to send message (not connected to server process).
[Package Manager] Cannot connect to Unity Package Manager local server
ScheduleIndexationOnStartup MainProcess:False IndexOnStartup:True
Mono: successfully reloaded assembly
- Finished resetting the current domain, in  2.065 seconds
Domain Reload Profiling: 3824ms
	BeginReloadAssembly (474ms)
		ExecutionOrderSort (0ms)
		DisableScriptedObjects (30ms)
		BackupInstance (0ms)
		ReleaseScriptingObjects (1ms)
		CreateAndSetChildDomain (102ms)
	RebuildCommonClasses (83ms)
	RebuildNativeTypeToScriptingClass (32ms)
	initialDomainReloadingComplete (76ms)
	LoadAllAssembliesAndSetupDomain (1092ms)
		LoadAssemblies (867ms)
		RebuildTransferFunctionScriptingTraits (0ms)
		AnalyzeDomain (445ms)
			TypeCache.Refresh (10ms)
				TypeCache.ScanAssembly (0ms)
			BuildScriptInfoCaches (404ms)
			ResolveRequiredComponents (21ms)
	FinalizeReload (2066ms)
		ReleaseScriptCaches (0ms)
		RebuildScriptCaches (0ms)
		SetupLoadedEditorAssemblies (1697ms)
			LogAssemblyErrors (0ms)
			InitializePlatformSupportModulesInManaged (5ms)
			SetLoadedEditorAssemblies (11ms)
			BeforeProcessingInitializeOnLoad (517ms)
			ProcessInitializeOnLoadAttributes (936ms)
			ProcessInitializeOnLoadMethodAttributes (205ms)
			AfterProcessingInitializeOnLoad (21ms)
			EditorAssembliesLoaded (1ms)
		ExecutionOrderSort2 (0ms)
		AwakeInstancesAfterBackupRestoration (37ms)
Refreshing native plugins compatible for Editor in 5.01 ms, found 4 plugins.
Preloading 0 native plugins for Editor in 0.00 ms.
Unloading 30 Unused Serialized files (Serialized files now loaded: 0)
Unloading 6929 unused Assets / (5.6 MB). Loaded Objects now: 7803.
Memory consumption went from 157.4 MB to 151.8 MB.
Total: 30.476300 ms (FindLiveObjects: 1.244700 ms CreateObjectMapping: 2.204400 ms MarkObjects: 17.287200 ms  DeleteObjects: 9.736800 ms)

Prepare: number of updated asset objects reloaded= 0
========================================================================
Received Prepare
Begin MonoManager ReloadAssembly
- Loaded All Assemblies, in  1.751 seconds
Refreshing native plugins compatible for Editor in 3.44 ms, found 4 plugins.
Native extension for WindowsStandalone target not found
Native extension for WebGL target not found
[Package Manager] Failed to launch server process. Reason: Unity was launched with the -noUpm command-line argument
[Package Manager] Unable to send message (not connected to server process).
[Package Manager] Cannot connect to Unity Package Manager local server
ScheduleIndexationOnStartup MainProcess:False IndexOnStartup:True
Mono: successfully reloaded assembly
- Finished resetting the current domain, in  1.945 seconds
Domain Reload Profiling: 3687ms
	BeginReloadAssembly (524ms)
		ExecutionOrderSort (0ms)
		DisableScriptedObjects (29ms)
		BackupInstance (0ms)
		ReleaseScriptingObjects (0ms)
		CreateAndSetChildDomain (101ms)
	RebuildCommonClasses (91ms)
	RebuildNativeTypeToScriptingClass (31ms)
	initialDomainReloadingComplete (77ms)
	LoadAllAssembliesAndSetupDomain (1019ms)
		LoadAssemblies (832ms)
		RebuildTransferFunctionScriptingTraits (0ms)
		AnalyzeDomain (453ms)
			TypeCache.Refresh (12ms)
				TypeCache.ScanAssembly (0ms)
			BuildScriptInfoCaches (413ms)
			ResolveRequiredComponents (20ms)
	FinalizeReload (1946ms)
		ReleaseScriptCaches (0ms)
		RebuildScriptCaches (0ms)
		SetupLoadedEditorAssemblies (1586ms)
			LogAssemblyErrors (0ms)
			InitializePlatformSupportModulesInManaged (5ms)
			SetLoadedEditorAssemblies (11ms)
			BeforeProcessingInitializeOnLoad (471ms)
			ProcessInitializeOnLoadAttributes (871ms)
			ProcessInitializeOnLoadMethodAttributes (204ms)
			AfterProcessingInitializeOnLoad (23ms)
			EditorAssembliesLoaded (1ms)
		ExecutionOrderSort2 (0ms)
		AwakeInstancesAfterBackupRestoration (37ms)
Refreshing native plugins compatible for Editor in 5.87 ms, found 4 plugins.
Preloading 0 native plugins for Editor in 0.00 ms.
Unloading 30 Unused Serialized files (Serialized files now loaded: 0)
Unloading 6929 unused Assets / (5.9 MB). Loaded Objects now: 7806.
Memory consumption went from 157.4 MB to 151.5 MB.
Total: 25.402200 ms (FindLiveObjects: 1.302500 ms CreateObjectMapping: 2.633500 ms MarkObjects: 13.352500 ms  DeleteObjects: 8.110600 ms)

Prepare: number of updated asset objects reloaded= 0
========================================================================
Received Prepare
Begin MonoManager ReloadAssembly
[Licensing::Client] Successfully resolved entitlement details
- Loaded All Assemblies, in  1.596 seconds
Refreshing native plugins compatible for Editor in 4.64 ms, found 4 plugins.
Native extension for WindowsStandalone target not found
Native extension for WebGL target not found
[Package Manager] Failed to launch server process. Reason: Unity was launched with the -noUpm command-line argument
[Package Manager] Unable to send message (not connected to server process).
[Package Manager] Cannot connect to Unity Package Manager local server
ScheduleIndexationOnStartup MainProcess:False IndexOnStartup:True
Mono: successfully reloaded assembly
- Finished resetting the current domain, in  1.944 seconds
Domain Reload Profiling: 3532ms
	BeginReloadAssembly (430ms)
		ExecutionOrderSort (0ms)
		DisableScriptedObjects (38ms)
		BackupInstance (0ms)
		ReleaseScriptingObjects (0ms)
		CreateAndSetChildDomain (83ms)
	RebuildCommonClasses (75ms)
	RebuildNativeTypeToScriptingClass (33ms)
	initialDomainReloadingComplete (61ms)
	LoadAllAssembliesAndSetupDomain (989ms)
		LoadAssemblies (760ms)
		RebuildTransferFunctionScriptingTraits (0ms)
		AnalyzeDomain (432ms)
			TypeCache.Refresh (11ms)
				TypeCache.ScanAssembly (0ms)
			BuildScriptInfoCaches (389ms)
			ResolveRequiredComponents (23ms)
	FinalizeReload (1944ms)
		ReleaseScriptCaches (0ms)
		RebuildScriptCaches (0ms)
		SetupLoadedEditorAssemblies (1567ms)
			LogAssemblyErrors (0ms)
			InitializePlatformSupportModulesInManaged (4ms)
			SetLoadedEditorAssemblies (8ms)
			BeforeProcessingInitializeOnLoad (428ms)
			ProcessInitializeOnLoadAttributes (889ms)
			ProcessInitializeOnLoadMethodAttributes (216ms)
			AfterProcessingInitializeOnLoad (22ms)
			EditorAssembliesLoaded (1ms)
		ExecutionOrderSort2 (0ms)
		AwakeInstancesAfterBackupRestoration (36ms)
Refreshing native plugins compatible for Editor in 6.43 ms, found 4 plugins.
Preloading 0 native plugins for Editor in 0.00 ms.
Unloading 30 Unused Serialized files (Serialized files now loaded: 0)
Unloading 6929 unused Assets / (5.9 MB). Loaded Objects now: 7809.
Memory consumption went from 157.5 MB to 151.5 MB.
Total: 24.159100 ms (FindLiveObjects: 2.060600 ms CreateObjectMapping: 2.586700 ms MarkObjects: 11.987300 ms  DeleteObjects: 7.521100 ms)

Prepare: number of updated asset objects reloaded= 0
========================================================================
Received Prepare
Begin MonoManager ReloadAssembly
[Licensing::Client] Successfully resolved entitlement details
- Loaded All Assemblies, in  1.715 seconds
Refreshing native plugins compatible for Editor in 4.11 ms, found 4 plugins.
Native extension for WindowsStandalone target not found
Native extension for WebGL target not found
[Package Manager] Failed to launch server process. Reason: Unity was launched with the -noUpm command-line argument
[Package Manager] Unable to send message (not connected to server process).
[Package Manager] Cannot connect to Unity Package Manager local server
ScheduleIndexationOnStartup MainProcess:False IndexOnStartup:True
Mono: successfully reloaded assembly
- Finished resetting the current domain, in  1.937 seconds
Domain Reload Profiling: 3642ms
	BeginReloadAssembly (510ms)
		ExecutionOrderSort (0ms)
		DisableScriptedObjects (37ms)
		BackupInstance (0ms)
		ReleaseScriptingObjects (0ms)
		CreateAndSetChildDomain (106ms)
	RebuildCommonClasses (88ms)
	RebuildNativeTypeToScriptingClass (33ms)
	initialDomainReloadingComplete (70ms)
	LoadAllAssembliesAndSetupDomain (1003ms)
		LoadAssemblies (794ms)
		RebuildTransferFunctionScriptingTraits (0ms)
		AnalyzeDomain (447ms)
			TypeCache.Refresh (20ms)
				TypeCache.ScanAssembly (0ms)
			BuildScriptInfoCaches (398ms)
			ResolveRequiredComponents (21ms)
	FinalizeReload (1937ms)
		ReleaseScriptCaches (0ms)
		RebuildScriptCaches (0ms)
		SetupLoadedEditorAssemblies (1525ms)
			LogAssemblyErrors (0ms)
			InitializePlatformSupportModulesInManaged (12ms)
			SetLoadedEditorAssemblies (38ms)
			BeforeProcessingInitializeOnLoad (497ms)
			ProcessInitializeOnLoadAttributes (776ms)
			ProcessInitializeOnLoadMethodAttributes (183ms)
			AfterProcessingInitializeOnLoad (19ms)
			EditorAssembliesLoaded (1ms)
		ExecutionOrderSort2 (0ms)
		AwakeInstancesAfterBackupRestoration (28ms)
Refreshing native plugins compatible for Editor in 3.93 ms, found 4 plugins.
Preloading 0 native plugins for Editor in 0.00 ms.
Unloading 30 Unused Serialized files (Serialized files now loaded: 0)
Unloading 6929 unused Assets / (5.7 MB). Loaded Objects now: 7812.
Memory consumption went from 157.5 MB to 151.8 MB.
Total: 20.046100 ms (FindLiveObjects: 1.256500 ms CreateObjectMapping: 1.931900 ms MarkObjects: 10.740600 ms  DeleteObjects: 6.115000 ms)

Prepare: number of updated asset objects reloaded= 0
========================================================================
Received Prepare
Begin MonoManager ReloadAssembly
- Loaded All Assemblies, in  1.482 seconds
Refreshing native plugins compatible for Editor in 3.67 ms, found 4 plugins.
Native extension for WindowsStandalone target not found
Native extension for WebGL target not found
[Package Manager] Failed to launch server process. Reason: Unity was launched with the -noUpm command-line argument
[Package Manager] Unable to send message (not connected to server process).
[Package Manager] Cannot connect to Unity Package Manager local server
ScheduleIndexationOnStartup MainProcess:False IndexOnStartup:True
Mono: successfully reloaded assembly
- Finished resetting the current domain, in  1.771 seconds
Domain Reload Profiling: 3243ms
	BeginReloadAssembly (374ms)
		ExecutionOrderSort (0ms)
		DisableScriptedObjects (30ms)
		BackupInstance (0ms)
		ReleaseScriptingObjects (0ms)
		CreateAndSetChildDomain (76ms)
	RebuildCommonClasses (68ms)
	RebuildNativeTypeToScriptingClass (25ms)
	initialDomainReloadingComplete (71ms)
	LoadAllAssembliesAndSetupDomain (934ms)
		LoadAssemblies (709ms)
		RebuildTransferFunctionScriptingTraits (0ms)
		AnalyzeDomain (397ms)
			TypeCache.Refresh (12ms)
				TypeCache.ScanAssembly (0ms)
			BuildScriptInfoCaches (353ms)
			ResolveRequiredComponents (23ms)
	FinalizeReload (1772ms)
		ReleaseScriptCaches (0ms)
		RebuildScriptCaches (0ms)
		SetupLoadedEditorAssemblies (1451ms)
			LogAssemblyErrors (0ms)
			InitializePlatformSupportModulesInManaged (5ms)
			SetLoadedEditorAssemblies (13ms)
			BeforeProcessingInitializeOnLoad (405ms)
			ProcessInitializeOnLoadAttributes (823ms)
			ProcessInitializeOnLoadMethodAttributes (186ms)
			AfterProcessingInitializeOnLoad (20ms)
			EditorAssembliesLoaded (1ms)
		ExecutionOrderSort2 (0ms)
		AwakeInstancesAfterBackupRestoration (36ms)
Refreshing native plugins compatible for Editor in 5.37 ms, found 4 plugins.
Preloading 0 native plugins for Editor in 0.00 ms.
Unloading 30 Unused Serialized files (Serialized files now loaded: 0)
Unloading 6929 unused Assets / (5.9 MB). Loaded Objects now: 7815.
Memory consumption went from 157.6 MB to 151.7 MB.
Total: 24.004400 ms (FindLiveObjects: 1.753900 ms CreateObjectMapping: 2.117900 ms MarkObjects: 12.567700 ms  DeleteObjects: 7.560900 ms)

Prepare: number of updated asset objects reloaded= 0
========================================================================
Received Prepare
Begin MonoManager ReloadAssembly
[Licensing::Client] Successfully resolved entitlement details
- Loaded All Assemblies, in  1.823 seconds
Refreshing native plugins compatible for Editor in 4.27 ms, found 4 plugins.
Native extension for WindowsStandalone target not found
Native extension for WebGL target not found
[Package Manager] Failed to launch server process. Reason: Unity was launched with the -noUpm command-line argument
[Package Manager] Unable to send message (not connected to server process).
[Package Manager] Cannot connect to Unity Package Manager local server
ScheduleIndexationOnStartup MainProcess:False IndexOnStartup:True
Mono: successfully reloaded assembly
- Finished resetting the current domain, in  2.323 seconds
Domain Reload Profiling: 4136ms
	BeginReloadAssembly (502ms)
		ExecutionOrderSort (0ms)
		DisableScriptedObjects (44ms)
		BackupInstance (0ms)
		ReleaseScriptingObjects (0ms)
		CreateAndSetChildDomain (94ms)
	RebuildCommonClasses (86ms)
	RebuildNativeTypeToScriptingClass (29ms)
	initialDomainReloadingComplete (76ms)
	LoadAllAssembliesAndSetupDomain (1118ms)
		LoadAssemblies (900ms)
		RebuildTransferFunctionScriptingTraits (0ms)
		AnalyzeDomain (453ms)
			TypeCache.Refresh (14ms)
				TypeCache.ScanAssembly (0ms)
			BuildScriptInfoCaches (410ms)
			ResolveRequiredComponents (21ms)
	FinalizeReload (2324ms)
		ReleaseScriptCaches (0ms)
		RebuildScriptCaches (0ms)
		SetupLoadedEditorAssemblies (1746ms)
			LogAssemblyErrors (0ms)
			InitializePlatformSupportModulesInManaged (5ms)
			SetLoadedEditorAssemblies (13ms)
			BeforeProcessingInitializeOnLoad (634ms)
			ProcessInitializeOnLoadAttributes (854ms)
			ProcessInitializeOnLoadMethodAttributes (216ms)
			AfterProcessingInitializeOnLoad (23ms)
			EditorAssembliesLoaded (1ms)
		ExecutionOrderSort2 (0ms)
		AwakeInstancesAfterBackupRestoration (38ms)
Refreshing native plugins compatible for Editor in 6.51 ms, found 4 plugins.
Preloading 0 native plugins for Editor in 0.00 ms.
Unloading 30 Unused Serialized files (Serialized files now loaded: 0)
Unloading 6929 unused Assets / (6.3 MB). Loaded Objects now: 7818.
Memory consumption went from 157.6 MB to 151.3 MB.
Total: 29.112800 ms (FindLiveObjects: 1.308900 ms CreateObjectMapping: 2.552400 ms MarkObjects: 15.634700 ms  DeleteObjects: 9.612200 ms)

Prepare: number of updated asset objects reloaded= 0
========================================================================
Received Prepare
Begin MonoManager ReloadAssembly
- Loaded All Assemblies, in  1.842 seconds
Refreshing native plugins compatible for Editor in 6.38 ms, found 4 plugins.
Native extension for WindowsStandalone target not found
Native extension for WebGL target not found
[Package Manager] Failed to launch server process. Reason: Unity was launched with the -noUpm command-line argument
[Package Manager] Unable to send message (not connected to server process).
[Package Manager] Cannot connect to Unity Package Manager local server
ScheduleIndexationOnStartup MainProcess:False IndexOnStartup:True
Mono: successfully reloaded assembly
- Finished resetting the current domain, in  1.719 seconds
Domain Reload Profiling: 3550ms
	BeginReloadAssembly (458ms)
		ExecutionOrderSort (0ms)
		DisableScriptedObjects (37ms)
		BackupInstance (0ms)
		ReleaseScriptingObjects (0ms)
		CreateAndSetChildDomain (103ms)
	RebuildCommonClasses (74ms)
	RebuildNativeTypeToScriptingClass (34ms)
	initialDomainReloadingComplete (62ms)
	LoadAllAssembliesAndSetupDomain (1203ms)
		LoadAssemblies (859ms)
		RebuildTransferFunctionScriptingTraits (0ms)
		AnalyzeDomain (541ms)
			TypeCache.Refresh (16ms)
				TypeCache.ScanAssembly (0ms)
			BuildScriptInfoCaches (489ms)
			ResolveRequiredComponents (27ms)
	FinalizeReload (1720ms)
		ReleaseScriptCaches (0ms)
		RebuildScriptCaches (0ms)
		SetupLoadedEditorAssemblies (1343ms)
			LogAssemblyErrors (0ms)
			InitializePlatformSupportModulesInManaged (5ms)
			SetLoadedEditorAssemblies (9ms)
			BeforeProcessingInitializeOnLoad (517ms)
			ProcessInitializeOnLoadAttributes (654ms)
			ProcessInitializeOnLoadMethodAttributes (135ms)
			AfterProcessingInitializeOnLoad (21ms)
			EditorAssembliesLoaded (1ms)
		ExecutionOrderSort2 (0ms)
		AwakeInstancesAfterBackupRestoration (25ms)
Refreshing native plugins compatible for Editor in 4.11 ms, found 4 plugins.
Preloading 0 native plugins for Editor in 0.00 ms.
Unloading 30 Unused Serialized files (Serialized files now loaded: 0)
Unloading 6929 unused Assets / (5.8 MB). Loaded Objects now: 7821.
Memory consumption went from 157.7 MB to 151.8 MB.
Total: 22.974000 ms (FindLiveObjects: 1.323000 ms CreateObjectMapping: 2.349300 ms MarkObjects: 11.260900 ms  DeleteObjects: 8.037600 ms)

Prepare: number of updated asset objects reloaded= 0
========================================================================
Received Prepare
Begin MonoManager ReloadAssembly
[Licensing::Client] Successfully resolved entitlement details
- Loaded All Assemblies, in  1.591 seconds
Refreshing native plugins compatible for Editor in 3.63 ms, found 4 plugins.
Native extension for WindowsStandalone target not found
Native extension for WebGL target not found
[Package Manager] Failed to launch server process. Reason: Unity was launched with the -noUpm command-line argument
[Package Manager] Unable to send message (not connected to server process).
[Package Manager] Cannot connect to Unity Package Manager local server
ScheduleIndexationOnStartup MainProcess:False IndexOnStartup:True
Mono: successfully reloaded assembly
- Finished resetting the current domain, in  1.777 seconds
Domain Reload Profiling: 3359ms
	BeginReloadAssembly (419ms)
		ExecutionOrderSort (0ms)
		DisableScriptedObjects (34ms)
		BackupInstance (0ms)
		ReleaseScriptingObjects (0ms)
		CreateAndSetChildDomain (77ms)
	RebuildCommonClasses (64ms)
	RebuildNativeTypeToScriptingClass (32ms)
	initialDomainReloadingComplete (72ms)
	LoadAllAssembliesAndSetupDomain (994ms)
		LoadAssemblies (755ms)
		RebuildTransferFunctionScriptingTraits (0ms)
		AnalyzeDomain (429ms)
			TypeCache.Refresh (10ms)
				TypeCache.ScanAssembly (0ms)
			BuildScriptInfoCaches (380ms)
			ResolveRequiredComponents (29ms)
	FinalizeReload (1778ms)
		ReleaseScriptCaches (0ms)
		RebuildScriptCaches (0ms)
		SetupLoadedEditorAssemblies (1451ms)
			LogAssemblyErrors (0ms)
			InitializePlatformSupportModulesInManaged (5ms)
			SetLoadedEditorAssemblies (11ms)
			BeforeProcessingInitializeOnLoad (397ms)
			ProcessInitializeOnLoadAttributes (819ms)
			ProcessInitializeOnLoadMethodAttributes (199ms)
			AfterProcessingInitializeOnLoad (19ms)
			EditorAssembliesLoaded (1ms)
		ExecutionOrderSort2 (0ms)
		AwakeInstancesAfterBackupRestoration (35ms)
Refreshing native plugins compatible for Editor in 5.28 ms, found 4 plugins.
Preloading 0 native plugins for Editor in 0.00 ms.
Unloading 30 Unused Serialized files (Serialized files now loaded: 0)
Unloading 6929 unused Assets / (5.5 MB). Loaded Objects now: 7824.
Memory consumption went from 157.7 MB to 152.2 MB.
Total: 26.134200 ms (FindLiveObjects: 1.498000 ms CreateObjectMapping: 2.952200 ms MarkObjects: 14.183600 ms  DeleteObjects: 7.496800 ms)

Prepare: number of updated asset objects reloaded= 0
========================================================================
Received Prepare
Begin MonoManager ReloadAssembly
[Licensing::Client] Successfully resolved entitlement details
- Loaded All Assemblies, in  6.566 seconds
Refreshing native plugins compatible for Editor in 3.46 ms, found 4 plugins.
Native extension for WindowsStandalone target not found
Native extension for WebGL target not found
[Package Manager] Failed to launch server process. Reason: Unity was launched with the -noUpm command-line argument
[Package Manager] Unable to send message (not connected to server process).
[Package Manager] Cannot connect to Unity Package Manager local server
ScheduleIndexationOnStartup MainProcess:False IndexOnStartup:True
Mono: successfully reloaded assembly
- Finished resetting the current domain, in  1.739 seconds
Domain Reload Profiling: 8300ms
	BeginReloadAssembly (1067ms)
		ExecutionOrderSort (0ms)
		DisableScriptedObjects (32ms)
		BackupInstance (0ms)
		ReleaseScriptingObjects (0ms)
		CreateAndSetChildDomain (81ms)
	RebuildCommonClasses (286ms)
	RebuildNativeTypeToScriptingClass (24ms)
	initialDomainReloadingComplete (78ms)
	LoadAllAssembliesAndSetupDomain (5106ms)
		LoadAssemblies (5215ms)
		RebuildTransferFunctionScriptingTraits (0ms)
		AnalyzeDomain (738ms)
			TypeCache.Refresh (11ms)
				TypeCache.ScanAssembly (0ms)
			BuildScriptInfoCaches (693ms)
			ResolveRequiredComponents (22ms)
	FinalizeReload (1740ms)
		ReleaseScriptCaches (0ms)
		RebuildScriptCaches (0ms)
		SetupLoadedEditorAssemblies (1388ms)
			LogAssemblyErrors (0ms)
			InitializePlatformSupportModulesInManaged (4ms)
			SetLoadedEditorAssemblies (11ms)
			BeforeProcessingInitializeOnLoad (424ms)
			ProcessInitializeOnLoadAttributes (759ms)
			ProcessInitializeOnLoadMethodAttributes (169ms)
			AfterProcessingInitializeOnLoad (19ms)
			EditorAssembliesLoaded (1ms)
		ExecutionOrderSort2 (0ms)
		AwakeInstancesAfterBackupRestoration (23ms)
Refreshing native plugins compatible for Editor in 3.84 ms, found 4 plugins.
Preloading 0 native plugins for Editor in 0.00 ms.
Unloading 30 Unused Serialized files (Serialized files now loaded: 0)
Unloading 6929 unused Assets / (5.3 MB). Loaded Objects now: 7827.
Memory consumption went from 157.7 MB to 152.4 MB.
Total: 16.564200 ms (FindLiveObjects: 1.196800 ms CreateObjectMapping: 1.218200 ms MarkObjects: 8.722500 ms  DeleteObjects: 5.424600 ms)

Prepare: number of updated asset objects reloaded= 0
========================================================================
Received Prepare
Begin MonoManager ReloadAssembly
[Licensing::Client] Successfully resolved entitlement details
- Loaded All Assemblies, in  1.563 seconds
Refreshing native plugins compatible for Editor in 4.28 ms, found 4 plugins.
Native extension for WindowsStandalone target not found
Native extension for WebGL target not found
[Package Manager] Failed to launch server process. Reason: Unity was launched with the -noUpm command-line argument
[Package Manager] Unable to send message (not connected to server process).
[Package Manager] Cannot connect to Unity Package Manager local server
ScheduleIndexationOnStartup MainProcess:False IndexOnStartup:True
Mono: successfully reloaded assembly
- Finished resetting the current domain, in  1.713 seconds
Domain Reload Profiling: 3267ms
	BeginReloadAssembly (463ms)
		ExecutionOrderSort (0ms)
		DisableScriptedObjects (42ms)
		BackupInstance (0ms)
		ReleaseScriptingObjects (0ms)
		CreateAndSetChildDomain (92ms)
	RebuildCommonClasses (66ms)
	RebuildNativeTypeToScriptingClass (24ms)
	initialDomainReloadingComplete (68ms)
	LoadAllAssembliesAndSetupDomain (933ms)
		LoadAssemblies (741ms)
		RebuildTransferFunctionScriptingTraits (0ms)
		AnalyzeDomain (397ms)
			TypeCache.Refresh (13ms)
				TypeCache.ScanAssembly (0ms)
			BuildScriptInfoCaches (358ms)
			ResolveRequiredComponents (18ms)
	FinalizeReload (1713ms)
		ReleaseScriptCaches (0ms)
		RebuildScriptCaches (0ms)
		SetupLoadedEditorAssemblies (1368ms)
			LogAssemblyErrors (0ms)
			InitializePlatformSupportModulesInManaged (4ms)
			SetLoadedEditorAssemblies (10ms)
			BeforeProcessingInitializeOnLoad (448ms)
			ProcessInitializeOnLoadAttributes (740ms)
			ProcessInitializeOnLoadMethodAttributes (146ms)
			AfterProcessingInitializeOnLoad (19ms)
			EditorAssembliesLoaded (1ms)
		ExecutionOrderSort2 (0ms)
		AwakeInstancesAfterBackupRestoration (24ms)
Refreshing native plugins compatible for Editor in 4.05 ms, found 4 plugins.
Preloading 0 native plugins for Editor in 0.00 ms.
Unloading 30 Unused Serialized files (Serialized files now loaded: 0)
Unloading 6929 unused Assets / (6.0 MB). Loaded Objects now: 7830.
Memory consumption went from 157.8 MB to 151.8 MB.
Total: 23.486100 ms (FindLiveObjects: 1.434600 ms CreateObjectMapping: 2.032300 ms MarkObjects: 12.039200 ms  DeleteObjects: 7.976700 ms)

Prepare: number of updated asset objects reloaded= 0
========================================================================
Received Prepare
Begin MonoManager ReloadAssembly
- Loaded All Assemblies, in  1.438 seconds
Refreshing native plugins compatible for Editor in 4.80 ms, found 4 plugins.
Native extension for WindowsStandalone target not found
Native extension for WebGL target not found
[Package Manager] Failed to launch server process. Reason: Unity was launched with the -noUpm command-line argument
[Package Manager] Unable to send message (not connected to server process).
[Package Manager] Cannot connect to Unity Package Manager local server
ScheduleIndexationOnStartup MainProcess:False IndexOnStartup:True
Mono: successfully reloaded assembly
- Finished resetting the current domain, in  1.742 seconds
Domain Reload Profiling: 3174ms
	BeginReloadAssembly (376ms)
		ExecutionOrderSort (0ms)
		DisableScriptedObjects (22ms)
		BackupInstance (0ms)
		ReleaseScriptingObjects (0ms)
		CreateAndSetChildDomain (85ms)
	RebuildCommonClasses (62ms)
	RebuildNativeTypeToScriptingClass (22ms)
	initialDomainReloadingComplete (67ms)
	LoadAllAssembliesAndSetupDomain (903ms)
		LoadAssemblies (671ms)
		RebuildTransferFunctionScriptingTraits (0ms)
		AnalyzeDomain (409ms)
			TypeCache.Refresh (10ms)
				TypeCache.ScanAssembly (0ms)
			BuildScriptInfoCaches (372ms)
			ResolveRequiredComponents (20ms)
	FinalizeReload (1743ms)
		ReleaseScriptCaches (0ms)
		RebuildScriptCaches (0ms)
		SetupLoadedEditorAssemblies (1392ms)
			LogAssemblyErrors (0ms)
			InitializePlatformSupportModulesInManaged (6ms)
			SetLoadedEditorAssemblies (11ms)
			BeforeProcessingInitializeOnLoad (382ms)
			ProcessInitializeOnLoadAttributes (775ms)
			ProcessInitializeOnLoadMethodAttributes (197ms)
			AfterProcessingInitializeOnLoad (20ms)
			EditorAssembliesLoaded (1ms)
		ExecutionOrderSort2 (0ms)
		AwakeInstancesAfterBackupRestoration (33ms)
Refreshing native plugins compatible for Editor in 5.36 ms, found 4 plugins.
Preloading 0 native plugins for Editor in 0.00 ms.
Unloading 30 Unused Serialized files (Serialized files now loaded: 0)
Unloading 6929 unused Assets / (6.2 MB). Loaded Objects now: 7833.
Memory consumption went from 157.8 MB to 151.6 MB.
Total: 25.002000 ms (FindLiveObjects: 1.430100 ms CreateObjectMapping: 2.058600 ms MarkObjects: 11.703100 ms  DeleteObjects: 9.807700 ms)

Prepare: number of updated asset objects reloaded= 0
========================================================================
Received Import Request.
  Time since last request: 39874.662272 seconds.
  path: Assets/Scripts/BallDragger.cs
  artifactKey: Guid(58b865630a5e73e4c9bcc6549d4e7d3e) Importer(815301076,1909f56bfc062723c751e8b465ee728b)
Start importing Assets/Scripts/BallDragger.cs using Guid(58b865630a5e73e4c9bcc6549d4e7d3e) Importer(815301076,1909f56bfc062723c751e8b465ee728b) (PreviewImporter) -> (artifact id: '8fb42396089db454db81ca95e6fa9663') in 0.158068 seconds
Number of updated asset objects reloaded before import = 0Number of asset objects unloaded after import = 0

========================================================================
Received Prepare
Begin MonoManager ReloadAssembly
[Licensing::Client] Successfully resolved entitlement details
- Loaded All Assemblies, in  1.585 seconds
Refreshing native plugins compatible for Editor in 3.93 ms, found 4 plugins.
Native extension for WindowsStandalone target not found
Native extension for WebGL target not found
[Package Manager] Failed to launch server process. Reason: Unity was launched with the -noUpm command-line argument
[Package Manager] Unable to send message (not connected to server process).
[Package Manager] Cannot connect to Unity Package Manager local server
ScheduleIndexationOnStartup MainProcess:False IndexOnStartup:True
Mono: successfully reloaded assembly
- Finished resetting the current domain, in  1.583 seconds
Domain Reload Profiling: 3162ms
	BeginReloadAssembly (468ms)
		ExecutionOrderSort (0ms)
		DisableScriptedObjects (31ms)
		BackupInstance (0ms)
		ReleaseScriptingObjects (0ms)
		CreateAndSetChildDomain (109ms)
	RebuildCommonClasses (70ms)
	RebuildNativeTypeToScriptingClass (30ms)
	initialDomainReloadingComplete (56ms)
	LoadAllAssembliesAndSetupDomain (954ms)
		LoadAssemblies (731ms)
		RebuildTransferFunctionScriptingTraits (0ms)
		AnalyzeDomain (426ms)
			TypeCache.Refresh (15ms)
				TypeCache.ScanAssembly (0ms)
			BuildScriptInfoCaches (388ms)
			ResolveRequiredComponents (16ms)
	FinalizeReload (1584ms)
		ReleaseScriptCaches (0ms)
		RebuildScriptCaches (0ms)
		SetupLoadedEditorAssemblies (1198ms)
			LogAssemblyErrors (0ms)
			InitializePlatformSupportModulesInManaged (7ms)
			SetLoadedEditorAssemblies (12ms)
			BeforeProcessingInitializeOnLoad (397ms)
			ProcessInitializeOnLoadAttributes (612ms)
			ProcessInitializeOnLoadMethodAttributes (152ms)
			AfterProcessingInitializeOnLoad (17ms)
			EditorAssembliesLoaded (1ms)
		ExecutionOrderSort2 (0ms)
		AwakeInstancesAfterBackupRestoration (28ms)
Refreshing native plugins compatible for Editor in 4.50 ms, found 4 plugins.
Preloading 0 native plugins for Editor in 0.00 ms.
Unloading 30 Unused Serialized files (Serialized files now loaded: 0)
Unloading 6929 unused Assets / (5.6 MB). Loaded Objects now: 7836.
Memory consumption went from 157.9 MB to 152.3 MB.
Total: 17.670800 ms (FindLiveObjects: 1.242300 ms CreateObjectMapping: 1.687400 ms MarkObjects: 8.905800 ms  DeleteObjects: 5.833200 ms)

Prepare: number of updated asset objects reloaded= 0
========================================================================
Received Prepare
Begin MonoManager ReloadAssembly
- Loaded All Assemblies, in  1.460 seconds
Refreshing native plugins compatible for Editor in 3.51 ms, found 4 plugins.
Native extension for WindowsStandalone target not found
Native extension for WebGL target not found
[Package Manager] Failed to launch server process. Reason: Unity was launched with the -noUpm command-line argument
[Package Manager] Unable to send message (not connected to server process).
[Package Manager] Cannot connect to Unity Package Manager local server
ScheduleIndexationOnStartup MainProcess:False IndexOnStartup:True
Mono: successfully reloaded assembly
- Finished resetting the current domain, in  1.830 seconds
Domain Reload Profiling: 3281ms
	BeginReloadAssembly (388ms)
		ExecutionOrderSort (0ms)
		DisableScriptedObjects (24ms)
		BackupInstance (0ms)
		ReleaseScriptingObjects (0ms)
		CreateAndSetChildDomain (84ms)
	RebuildCommonClasses (72ms)
	RebuildNativeTypeToScriptingClass (21ms)
	initialDomainReloadingComplete (59ms)
	LoadAllAssembliesAndSetupDomain (910ms)
		LoadAssemblies (713ms)
		RebuildTransferFunctionScriptingTraits (0ms)
		AnalyzeDomain (386ms)
			TypeCache.Refresh (10ms)
				TypeCache.ScanAssembly (0ms)
			BuildScriptInfoCaches (351ms)
			ResolveRequiredComponents (17ms)
	FinalizeReload (1831ms)
		ReleaseScriptCaches (0ms)
		RebuildScriptCaches (0ms)
		SetupLoadedEditorAssemblies (1496ms)
			LogAssemblyErrors (0ms)
			InitializePlatformSupportModulesInManaged (6ms)
			SetLoadedEditorAssemblies (11ms)
			BeforeProcessingInitializeOnLoad (410ms)
			ProcessInitializeOnLoadAttributes (854ms)
			ProcessInitializeOnLoadMethodAttributes (197ms)
			AfterProcessingInitializeOnLoad (18ms)
			EditorAssembliesLoaded (1ms)
		ExecutionOrderSort2 (0ms)
		AwakeInstancesAfterBackupRestoration (33ms)
Refreshing native plugins compatible for Editor in 5.03 ms, found 4 plugins.
Preloading 0 native plugins for Editor in 0.00 ms.
Unloading 30 Unused Serialized files (Serialized files now loaded: 0)
Unloading 6929 unused Assets / (6.4 MB). Loaded Objects now: 7839.
Memory consumption went from 157.9 MB to 151.5 MB.
Total: 26.597400 ms (FindLiveObjects: 1.542200 ms CreateObjectMapping: 2.551000 ms MarkObjects: 13.741800 ms  DeleteObjects: 8.759300 ms)

Prepare: number of updated asset objects reloaded= 0
========================================================================
Received Prepare
Begin MonoManager ReloadAssembly
[Licensing::Client] Successfully resolved entitlement details
- Loaded All Assemblies, in  1.676 seconds
Refreshing native plugins compatible for Editor in 4.22 ms, found 4 plugins.
Native extension for WindowsStandalone target not found
Native extension for WebGL target not found
[Package Manager] Failed to launch server process. Reason: Unity was launched with the -noUpm command-line argument
[Package Manager] Unable to send message (not connected to server process).
[Package Manager] Cannot connect to Unity Package Manager local server
ScheduleIndexationOnStartup MainProcess:False IndexOnStartup:True
Mono: successfully reloaded assembly
- Finished resetting the current domain, in  1.912 seconds
Domain Reload Profiling: 3580ms
	BeginReloadAssembly (500ms)
		ExecutionOrderSort (0ms)
		DisableScriptedObjects (46ms)
		BackupInstance (0ms)
		ReleaseScriptingObjects (0ms)
		CreateAndSetChildDomain (101ms)
	RebuildCommonClasses (71ms)
	RebuildNativeTypeToScriptingClass (27ms)
	initialDomainReloadingComplete (64ms)
	LoadAllAssembliesAndSetupDomain (1005ms)
		LoadAssemblies (822ms)
		RebuildTransferFunctionScriptingTraits (0ms)
		AnalyzeDomain (399ms)
			TypeCache.Refresh (15ms)
				TypeCache.ScanAssembly (0ms)
			BuildScriptInfoCaches (360ms)
			ResolveRequiredComponents (17ms)
	FinalizeReload (1913ms)
		ReleaseScriptCaches (0ms)
		RebuildScriptCaches (0ms)
		SetupLoadedEditorAssemblies (1517ms)
			LogAssemblyErrors (0ms)
			InitializePlatformSupportModulesInManaged (6ms)
			SetLoadedEditorAssemblies (14ms)
			BeforeProcessingInitializeOnLoad (450ms)
			ProcessInitializeOnLoadAttributes (842ms)
			ProcessInitializeOnLoadMethodAttributes (186ms)
			AfterProcessingInitializeOnLoad (19ms)
			EditorAssembliesLoaded (1ms)
		ExecutionOrderSort2 (0ms)
		AwakeInstancesAfterBackupRestoration (36ms)
Refreshing native plugins compatible for Editor in 5.66 ms, found 4 plugins.
Preloading 0 native plugins for Editor in 0.00 ms.
Unloading 30 Unused Serialized files (Serialized files now loaded: 0)
Unloading 6929 unused Assets / (6.3 MB). Loaded Objects now: 7842.
Memory consumption went from 157.9 MB to 151.6 MB.
Total: 33.007700 ms (FindLiveObjects: 1.308800 ms CreateObjectMapping: 7.834700 ms MarkObjects: 14.319700 ms  DeleteObjects: 9.542100 ms)

Prepare: number of updated asset objects reloaded= 0
========================================================================
Received Prepare
Begin MonoManager ReloadAssembly
- Loaded All Assemblies, in  1.796 seconds
Refreshing native plugins compatible for Editor in 7.07 ms, found 4 plugins.
Native extension for WindowsStandalone target not found
Native extension for WebGL target not found
[Package Manager] Failed to launch server process. Reason: Unity was launched with the -noUpm command-line argument
[Package Manager] Unable to send message (not connected to server process).
[Package Manager] Cannot connect to Unity Package Manager local server
ScheduleIndexationOnStartup MainProcess:False IndexOnStartup:True
Mono: successfully reloaded assembly
- Finished resetting the current domain, in  2.247 seconds
Domain Reload Profiling: 4036ms
	BeginReloadAssembly (460ms)
		ExecutionOrderSort (0ms)
		DisableScriptedObjects (28ms)
		BackupInstance (0ms)
		ReleaseScriptingObjects (0ms)
		CreateAndSetChildDomain (97ms)
	RebuildCommonClasses (95ms)
	RebuildNativeTypeToScriptingClass (26ms)
	initialDomainReloadingComplete (69ms)
	LoadAllAssembliesAndSetupDomain (1137ms)
		LoadAssemblies (866ms)
		RebuildTransferFunctionScriptingTraits (0ms)
		AnalyzeDomain (485ms)
			TypeCache.Refresh (14ms)
				TypeCache.ScanAssembly (0ms)
			BuildScriptInfoCaches (438ms)
			ResolveRequiredComponents (23ms)
	FinalizeReload (2249ms)
		ReleaseScriptCaches (0ms)
		RebuildScriptCaches (0ms)
		SetupLoadedEditorAssemblies (1774ms)
			LogAssemblyErrors (0ms)
			InitializePlatformSupportModulesInManaged (4ms)
			SetLoadedEditorAssemblies (15ms)
			BeforeProcessingInitializeOnLoad (506ms)
			ProcessInitializeOnLoadAttributes (990ms)
			ProcessInitializeOnLoadMethodAttributes (236ms)
			AfterProcessingInitializeOnLoad (22ms)
			EditorAssembliesLoaded (1ms)
		ExecutionOrderSort2 (0ms)
		AwakeInstancesAfterBackupRestoration (41ms)
Refreshing native plugins compatible for Editor in 6.16 ms, found 4 plugins.
Preloading 0 native plugins for Editor in 0.00 ms.
Unloading 30 Unused Serialized files (Serialized files now loaded: 0)
Unloading 6929 unused Assets / (6.2 MB). Loaded Objects now: 7845.
Memory consumption went from 158.0 MB to 151.8 MB.
Total: 28.960900 ms (FindLiveObjects: 1.492500 ms CreateObjectMapping: 2.544300 ms MarkObjects: 15.522900 ms  DeleteObjects: 9.396600 ms)

Prepare: number of updated asset objects reloaded= 0
========================================================================
Received Prepare
Begin MonoManager ReloadAssembly
[Licensing::Client] Successfully resolved entitlement details
- Loaded All Assemblies, in  1.498 seconds
Refreshing native plugins compatible for Editor in 4.67 ms, found 4 plugins.
Native extension for WindowsStandalone target not found
Native extension for WebGL target not found
[Package Manager] Failed to launch server process. Reason: Unity was launched with the -noUpm command-line argument
[Package Manager] Unable to send message (not connected to server process).
[Package Manager] Cannot connect to Unity Package Manager local server
ScheduleIndexationOnStartup MainProcess:False IndexOnStartup:True
Mono: successfully reloaded assembly
- Finished resetting the current domain, in  1.900 seconds
Domain Reload Profiling: 3393ms
	BeginReloadAssembly (396ms)
		ExecutionOrderSort (0ms)
		DisableScriptedObjects (27ms)
		BackupInstance (0ms)
		ReleaseScriptingObjects (0ms)
		CreateAndSetChildDomain (80ms)
	RebuildCommonClasses (66ms)
	RebuildNativeTypeToScriptingClass (36ms)
	initialDomainReloadingComplete (64ms)
	LoadAllAssembliesAndSetupDomain (930ms)
		LoadAssemblies (724ms)
		RebuildTransferFunctionScriptingTraits (0ms)
		AnalyzeDomain (386ms)
			TypeCache.Refresh (10ms)
				TypeCache.ScanAssembly (0ms)
			BuildScriptInfoCaches (353ms)
			ResolveRequiredComponents (17ms)
	FinalizeReload (1901ms)
		ReleaseScriptCaches (0ms)
		RebuildScriptCaches (0ms)
		SetupLoadedEditorAssemblies (1558ms)
			LogAssemblyErrors (0ms)
			InitializePlatformSupportModulesInManaged (4ms)
			SetLoadedEditorAssemblies (9ms)
			BeforeProcessingInitializeOnLoad (457ms)
			ProcessInitializeOnLoadAttributes (864ms)
			ProcessInitializeOnLoadMethodAttributes (203ms)
			AfterProcessingInitializeOnLoad (19ms)
			EditorAssembliesLoaded (1ms)
		ExecutionOrderSort2 (0ms)
		AwakeInstancesAfterBackupRestoration (36ms)
Refreshing native plugins compatible for Editor in 4.96 ms, found 4 plugins.
Preloading 0 native plugins for Editor in 0.00 ms.
Unloading 30 Unused Serialized files (Serialized files now loaded: 0)
Unloading 6929 unused Assets / (5.8 MB). Loaded Objects now: 7848.
Memory consumption went from 158.1 MB to 152.3 MB.
Total: 25.421300 ms (FindLiveObjects: 1.519100 ms CreateObjectMapping: 2.053500 ms MarkObjects: 13.825000 ms  DeleteObjects: 8.021400 ms)

Prepare: number of updated asset objects reloaded= 0
========================================================================
Received Prepare
Begin MonoManager ReloadAssembly
- Loaded All Assemblies, in  1.453 seconds
Refreshing native plugins compatible for Editor in 3.67 ms, found 4 plugins.
Native extension for WindowsStandalone target not found
Native extension for WebGL target not found
[Package Manager] Failed to launch server process. Reason: Unity was launched with the -noUpm command-line argument
[Package Manager] Unable to send message (not connected to server process).
[Package Manager] Cannot connect to Unity Package Manager local server
ScheduleIndexationOnStartup MainProcess:False IndexOnStartup:True
Mono: successfully reloaded assembly
- Finished resetting the current domain, in  1.693 seconds
Domain Reload Profiling: 3139ms
	BeginReloadAssembly (374ms)
		ExecutionOrderSort (0ms)
		DisableScriptedObjects (23ms)
		BackupInstance (0ms)
		ReleaseScriptingObjects (0ms)
		CreateAndSetChildDomain (75ms)
	RebuildCommonClasses (62ms)
	RebuildNativeTypeToScriptingClass (31ms)
	initialDomainReloadingComplete (63ms)
	LoadAllAssembliesAndSetupDomain (914ms)
		LoadAssemblies (705ms)
		RebuildTransferFunctionScriptingTraits (0ms)
		AnalyzeDomain (386ms)
			TypeCache.Refresh (11ms)
				TypeCache.ScanAssembly (0ms)
			BuildScriptInfoCaches (348ms)
			ResolveRequiredComponents (19ms)
	FinalizeReload (1695ms)
		ReleaseScriptCaches (0ms)
		RebuildScriptCaches (0ms)
		SetupLoadedEditorAssemblies (1380ms)
			LogAssemblyErrors (0ms)
			InitializePlatformSupportModulesInManaged (3ms)
			SetLoadedEditorAssemblies (9ms)
			BeforeProcessingInitializeOnLoad (384ms)
			ProcessInitializeOnLoadAttributes (762ms)
			ProcessInitializeOnLoadMethodAttributes (200ms)
			AfterProcessingInitializeOnLoad (20ms)
			EditorAssembliesLoaded (1ms)
		ExecutionOrderSort2 (0ms)
		AwakeInstancesAfterBackupRestoration (33ms)
Refreshing native plugins compatible for Editor in 6.38 ms, found 4 plugins.
Preloading 0 native plugins for Editor in 0.00 ms.
Unloading 30 Unused Serialized files (Serialized files now loaded: 0)
Unloading 6929 unused Assets / (6.0 MB). Loaded Objects now: 7851.
Memory consumption went from 158.1 MB to 152.1 MB.
Total: 28.147600 ms (FindLiveObjects: 1.501600 ms CreateObjectMapping: 2.715400 ms MarkObjects: 14.198800 ms  DeleteObjects: 9.728800 ms)

Prepare: number of updated asset objects reloaded= 0
